ISO-10303-21;
HEADER;
FILE_DESCRIPTION(('LF19S-102-8A line filter, faceted B-rep'),'2;1');
FILE_NAME('LF19S-102-8A.step','',(''),(''),'lf19_step_generator.py','','');
FILE_SCHEMA(('AUTOMOTIVE_DESIGN { 1 0 10303 214 1 1 1 1 }'));
ENDSEC;
DATA;
#1=CARTESIAN_POINT('',(0.0,0.0,0.0));
#2=DIRECTION('',(0.0,0.0,1.0));
#3=DIRECTION('',(1.0,0.0,0.0));
#4=AXIS2_PLACEMENT_3D('',#1,#2,#3);
#5=CARTESIAN_POINT('',(0.41879396,-6.5,2.007005489));
#6=VERTEX_POINT('',#5);
#7=CARTESIAN_POINT('',(2.699412652,-6.5,2.294744255));
#8=VERTEX_POINT('',#7);
#9=DIRECTION('',(0.992134724,0.0,0.125174639));
#10=VECTOR('',#9,1.);
#11=LINE('',#5,#10);
#12=EDGE_CURVE('',#6,#8,#11,.T.);
#13=ORIENTED_EDGE(*,*,#12,.T.);
#14=CARTESIAN_POINT('',(1.03477485,-6.5,9.017897702));
#15=VERTEX_POINT('',#14);
#16=DIRECTION('',(-0.240340353,0.0,0.970688681));
#17=VECTOR('',#16,1.);
#18=LINE('',#7,#17);
#19=EDGE_CURVE('',#8,#15,#18,.T.);
#20=ORIENTED_EDGE(*,*,#19,.T.);
#21=CARTESIAN_POINT('',(0.160537685,-6.5,8.902802196));
#22=VERTEX_POINT('',#21);
#23=DIRECTION('',(-0.991444861,0.0,-0.130526192));
#24=VECTOR('',#23,1.);
#25=LINE('',#14,#24);
#26=EDGE_CURVE('',#15,#22,#25,.T.);
#27=ORIENTED_EDGE(*,*,#26,.T.);
#28=DIRECTION('',(-0.037425023,0.0,0.999299438));
#29=VECTOR('',#28,1.);
#30=LINE('',#5,#29);
#31=EDGE_CURVE('',#6,#22,#30,.T.);
#32=ORIENTED_EDGE(*,*,#31,.F.);
#33=EDGE_LOOP('',(#13,#20,#27,#32));
#34=FACE_OUTER_BOUND('',#33,.T.);
#35=DIRECTION('',(0.0,-1.0,0.0));
#36=DIRECTION('',(-1.0,0.0,0.0));
#37=AXIS2_PLACEMENT_3D('',#5,#35,#36);
#38=PLANE('',#37);
#39=ADVANCED_FACE('',(#34),#38,.T.);
#40=CARTESIAN_POINT('',(0.160537685,6.5,8.902802196));
#41=VERTEX_POINT('',#40);
#42=CARTESIAN_POINT('',(1.03477485,6.5,9.017897702));
#43=VERTEX_POINT('',#42);
#44=DIRECTION('',(0.991444861,0.0,0.130526192));
#45=VECTOR('',#44,1.);
#46=LINE('',#40,#45);
#47=EDGE_CURVE('',#41,#43,#46,.T.);
#48=ORIENTED_EDGE(*,*,#47,.T.);
#49=CARTESIAN_POINT('',(2.699412652,6.5,2.294744255));
#50=VERTEX_POINT('',#49);
#51=DIRECTION('',(0.240340353,0.0,-0.970688681));
#52=VECTOR('',#51,1.);
#53=LINE('',#42,#52);
#54=EDGE_CURVE('',#43,#50,#53,.T.);
#55=ORIENTED_EDGE(*,*,#54,.T.);
#56=CARTESIAN_POINT('',(0.41879396,6.5,2.007005489));
#57=VERTEX_POINT('',#56);
#58=DIRECTION('',(-0.992134724,0.0,-0.125174639));
#59=VECTOR('',#58,1.);
#60=LINE('',#49,#59);
#61=EDGE_CURVE('',#50,#57,#60,.T.);
#62=ORIENTED_EDGE(*,*,#61,.T.);
#63=DIRECTION('',(0.037425023,0.0,-0.999299438));
#64=VECTOR('',#63,1.);
#65=LINE('',#40,#64);
#66=EDGE_CURVE('',#41,#57,#65,.T.);
#67=ORIENTED_EDGE(*,*,#66,.F.);
#68=EDGE_LOOP('',(#48,#55,#62,#67));
#69=FACE_OUTER_BOUND('',#68,.T.);
#70=DIRECTION('',(0.0,1.0,0.0));
#71=AXIS2_PLACEMENT_3D('',#40,#70,#3);
#72=PLANE('',#71);
#73=ADVANCED_FACE('',(#69),#72,.T.);
#74=ORIENTED_EDGE(*,*,#61,.F.);
#75=VECTOR('',#70,1.);
#76=LINE('',#7,#75);
#77=EDGE_CURVE('',#8,#50,#76,.T.);
#78=ORIENTED_EDGE(*,*,#77,.F.);
#79=ORIENTED_EDGE(*,*,#12,.F.);
#80=VECTOR('',#70,1.);
#81=LINE('',#5,#80);
#82=EDGE_CURVE('',#6,#57,#81,.T.);
#83=ORIENTED_EDGE(*,*,#82,.T.);
#84=EDGE_LOOP('',(#74,#78,#79,#83));
#85=FACE_OUTER_BOUND('',#84,.T.);
#86=DIRECTION('',(0.125174639,0.0,-0.992134724));
#87=AXIS2_PLACEMENT_3D('',#56,#86,#35);
#88=PLANE('',#87);
#89=ADVANCED_FACE('',(#85),#88,.T.);
#90=ORIENTED_EDGE(*,*,#54,.F.);
#91=VECTOR('',#70,1.);
#92=LINE('',#14,#91);
#93=EDGE_CURVE('',#15,#43,#92,.T.);
#94=ORIENTED_EDGE(*,*,#93,.F.);
#95=ORIENTED_EDGE(*,*,#19,.F.);
#96=ORIENTED_EDGE(*,*,#77,.T.);
#97=EDGE_LOOP('',(#90,#94,#95,#96));
#98=FACE_OUTER_BOUND('',#97,.T.);
#99=DIRECTION('',(0.970688681,0.0,0.240340353));
#100=AXIS2_PLACEMENT_3D('',#49,#99,#35);
#101=PLANE('',#100);
#102=ADVANCED_FACE('',(#98),#101,.T.);
#103=ORIENTED_EDGE(*,*,#47,.F.);
#104=VECTOR('',#70,1.);
#105=LINE('',#21,#104);
#106=EDGE_CURVE('',#22,#41,#105,.T.);
#107=ORIENTED_EDGE(*,*,#106,.F.);
#108=ORIENTED_EDGE(*,*,#26,.F.);
#109=ORIENTED_EDGE(*,*,#93,.T.);
#110=EDGE_LOOP('',(#103,#107,#108,#109));
#111=FACE_OUTER_BOUND('',#110,.T.);
#112=DIRECTION('',(-0.130526192,0.0,0.991444861));
#113=AXIS2_PLACEMENT_3D('',#42,#112,#70);
#114=PLANE('',#113);
#115=ADVANCED_FACE('',(#111),#114,.T.);
#116=ORIENTED_EDGE(*,*,#66,.T.);
#117=ORIENTED_EDGE(*,*,#82,.F.);
#118=ORIENTED_EDGE(*,*,#31,.T.);
#119=ORIENTED_EDGE(*,*,#106,.T.);
#120=EDGE_LOOP('',(#116,#117,#118,#119));
#121=FACE_OUTER_BOUND('',#120,.T.);
#122=DIRECTION('',(-0.999299438,0.0,-0.037425023));
#123=AXIS2_PLACEMENT_3D('',#40,#122,#70);
#124=PLANE('',#123);
#125=ADVANCED_FACE('',(#121),#124,.T.);
#126=CLOSED_SHELL('',(#39,#73,#89,#102,#115,#125));
#127=MANIFOLD_SOLID_BREP('winding1_sector01',#126);
#128=CARTESIAN_POINT('',(4.880839717,-6.5,2.994227237));
#129=VERTEX_POINT('',#128);
#130=DIRECTION('',(0.952243248,0.0,0.305340461));
#131=VECTOR('',#130,1.);
#132=LINE('',#7,#131);
#133=EDGE_CURVE('',#8,#129,#132,.T.);
#134=ORIENTED_EDGE(*,*,#133,.T.);
#135=CARTESIAN_POINT('',(1.870988558,-6.5,9.297690895));
#136=VERTEX_POINT('',#135);
#137=DIRECTION('',(-0.430890472,0.0,0.902404234));
#138=VECTOR('',#137,1.);
#139=LINE('',#128,#138);
#140=EDGE_CURVE('',#129,#136,#139,.T.);
#141=ORIENTED_EDGE(*,*,#140,.T.);
#142=DIRECTION('',(0.948323655,0.0,0.317304656));
#143=VECTOR('',#142,1.);
#144=LINE('',#14,#143);
#145=EDGE_CURVE('',#15,#136,#144,.T.);
#146=ORIENTED_EDGE(*,*,#145,.F.);
#147=ORIENTED_EDGE(*,*,#19,.F.);
#148=EDGE_LOOP('',(#134,#141,#146,#147));
#149=FACE_OUTER_BOUND('',#148,.T.);
#150=AXIS2_PLACEMENT_3D('',#7,#35,#36);
#151=PLANE('',#150);
#152=ADVANCED_FACE('',(#149),#151,.T.);
#153=CARTESIAN_POINT('',(1.870988558,6.5,9.297690895));
#154=VERTEX_POINT('',#153);
#155=VECTOR('',#142,1.);
#156=LINE('',#42,#155);
#157=EDGE_CURVE('',#43,#154,#156,.T.);
#158=ORIENTED_EDGE(*,*,#157,.T.);
#159=CARTESIAN_POINT('',(4.880839717,6.5,2.994227237));
#160=VERTEX_POINT('',#159);
#161=DIRECTION('',(0.430890472,0.0,-0.902404234));
#162=VECTOR('',#161,1.);
#163=LINE('',#153,#162);
#164=EDGE_CURVE('',#154,#160,#163,.T.);
#165=ORIENTED_EDGE(*,*,#164,.T.);
#166=VECTOR('',#130,1.);
#167=LINE('',#49,#166);
#168=EDGE_CURVE('',#50,#160,#167,.T.);
#169=ORIENTED_EDGE(*,*,#168,.F.);
#170=ORIENTED_EDGE(*,*,#54,.F.);
#171=EDGE_LOOP('',(#158,#165,#169,#170));
#172=FACE_OUTER_BOUND('',#171,.T.);
#173=AXIS2_PLACEMENT_3D('',#42,#70,#3);
#174=PLANE('',#173);
#175=ADVANCED_FACE('',(#172),#174,.T.);
#176=ORIENTED_EDGE(*,*,#168,.T.);
#177=VECTOR('',#70,1.);
#178=LINE('',#128,#177);
#179=EDGE_CURVE('',#129,#160,#178,.T.);
#180=ORIENTED_EDGE(*,*,#179,.F.);
#181=ORIENTED_EDGE(*,*,#133,.F.);
#182=ORIENTED_EDGE(*,*,#77,.T.);
#183=EDGE_LOOP('',(#176,#180,#181,#182));
#184=FACE_OUTER_BOUND('',#183,.T.);
#185=DIRECTION('',(0.305340461,0.0,-0.952243248));
#186=AXIS2_PLACEMENT_3D('',#49,#185,#35);
#187=PLANE('',#186);
#188=ADVANCED_FACE('',(#184),#187,.T.);
#189=ORIENTED_EDGE(*,*,#164,.F.);
#190=VECTOR('',#70,1.);
#191=LINE('',#135,#190);
#192=EDGE_CURVE('',#136,#154,#191,.T.);
#193=ORIENTED_EDGE(*,*,#192,.F.);
#194=ORIENTED_EDGE(*,*,#140,.F.);
#195=ORIENTED_EDGE(*,*,#179,.T.);
#196=EDGE_LOOP('',(#189,#193,#194,#195));
#197=FACE_OUTER_BOUND('',#196,.T.);
#198=DIRECTION('',(0.902404234,0.0,0.430890472));
#199=AXIS2_PLACEMENT_3D('',#159,#198,#35);
#200=PLANE('',#199);
#201=ADVANCED_FACE('',(#197),#200,.T.);
#202=ORIENTED_EDGE(*,*,#157,.F.);
#203=ORIENTED_EDGE(*,*,#93,.F.);
#204=ORIENTED_EDGE(*,*,#145,.T.);
#205=ORIENTED_EDGE(*,*,#192,.T.);
#206=EDGE_LOOP('',(#202,#203,#204,#205));
#207=FACE_OUTER_BOUND('',#206,.T.);
#208=DIRECTION('',(-0.317304656,0.0,0.948323655));
#209=AXIS2_PLACEMENT_3D('',#153,#208,#70);
#210=PLANE('',#209);
#211=ADVANCED_FACE('',(#207),#210,.T.);
#212=ORIENTED_EDGE(*,*,#54,.T.);
#213=ORIENTED_EDGE(*,*,#77,.F.);
#214=ORIENTED_EDGE(*,*,#19,.T.);
#215=ORIENTED_EDGE(*,*,#93,.T.);
#216=EDGE_LOOP('',(#212,#213,#214,#215));
#217=FACE_OUTER_BOUND('',#216,.T.);
#218=DIRECTION('',(-0.970688681,0.0,-0.240340353));
#219=AXIS2_PLACEMENT_3D('',#42,#218,#70);
#220=PLANE('',#219);
#221=ADVANCED_FACE('',(#217),#220,.T.);
#222=CLOSED_SHELL('',(#152,#175,#188,#201,#211,#221));
#223=MANIFOLD_SOLID_BREP('winding1_sector02',#222);
#224=CARTESIAN_POINT('',(6.882917236,-6.5,4.079751491));
#225=VERTEX_POINT('',#224);
#226=DIRECTION('',(0.879095941,0.0,0.476644863));
#227=VECTOR('',#226,1.);
#228=LINE('',#128,#227);
#229=EDGE_CURVE('',#129,#225,#228,.T.);
#230=ORIENTED_EDGE(*,*,#229,.T.);
#231=CARTESIAN_POINT('',(2.638451607,-6.5,9.731900596));
#232=VERTEX_POINT('',#231);
#233=DIRECTION('',(-0.600484643,0.0,0.799636288));
#234=VECTOR('',#233,1.);
#235=LINE('',#224,#234);
#236=EDGE_CURVE('',#225,#232,#235,.T.);
#237=ORIENTED_EDGE(*,*,#236,.T.);
#238=DIRECTION('',(0.870355696,0.0,0.49242356));
#239=VECTOR('',#238,1.);
#240=LINE('',#135,#239);
#241=EDGE_CURVE('',#136,#232,#240,.T.);
#242=ORIENTED_EDGE(*,*,#241,.F.);
#243=ORIENTED_EDGE(*,*,#140,.F.);
#244=EDGE_LOOP('',(#230,#237,#242,#243));
#245=FACE_OUTER_BOUND('',#244,.T.);
#246=AXIS2_PLACEMENT_3D('',#128,#35,#36);
#247=PLANE('',#246);
#248=ADVANCED_FACE('',(#245),#247,.T.);
#249=CARTESIAN_POINT('',(2.638451607,6.5,9.731900596));
#250=VERTEX_POINT('',#249);
#251=VECTOR('',#238,1.);
#252=LINE('',#153,#251);
#253=EDGE_CURVE('',#154,#250,#252,.T.);
#254=ORIENTED_EDGE(*,*,#253,.T.);
#255=CARTESIAN_POINT('',(6.882917236,6.5,4.079751491));
#256=VERTEX_POINT('',#255);
#257=DIRECTION('',(0.600484643,0.0,-0.799636288));
#258=VECTOR('',#257,1.);
#259=LINE('',#249,#258);
#260=EDGE_CURVE('',#250,#256,#259,.T.);
#261=ORIENTED_EDGE(*,*,#260,.T.);
#262=VECTOR('',#226,1.);
#263=LINE('',#159,#262);
#264=EDGE_CURVE('',#160,#256,#263,.T.);
#265=ORIENTED_EDGE(*,*,#264,.F.);
#266=ORIENTED_EDGE(*,*,#164,.F.);
#267=EDGE_LOOP('',(#254,#261,#265,#266));
#268=FACE_OUTER_BOUND('',#267,.T.);
#269=AXIS2_PLACEMENT_3D('',#153,#70,#3);
#270=PLANE('',#269);
#271=ADVANCED_FACE('',(#268),#270,.T.);
#272=ORIENTED_EDGE(*,*,#264,.T.);
#273=VECTOR('',#70,1.);
#274=LINE('',#224,#273);
#275=EDGE_CURVE('',#225,#256,#274,.T.);
#276=ORIENTED_EDGE(*,*,#275,.F.);
#277=ORIENTED_EDGE(*,*,#229,.F.);
#278=ORIENTED_EDGE(*,*,#179,.T.);
#279=EDGE_LOOP('',(#272,#276,#277,#278));
#280=FACE_OUTER_BOUND('',#279,.T.);
#281=DIRECTION('',(0.476644863,0.0,-0.879095941));
#282=AXIS2_PLACEMENT_3D('',#159,#281,#35);
#283=PLANE('',#282);
#284=ADVANCED_FACE('',(#280),#283,.T.);
#285=ORIENTED_EDGE(*,*,#260,.F.);
#286=VECTOR('',#70,1.);
#287=LINE('',#231,#286);
#288=EDGE_CURVE('',#232,#250,#287,.T.);
#289=ORIENTED_EDGE(*,*,#288,.F.);
#290=ORIENTED_EDGE(*,*,#236,.F.);
#291=ORIENTED_EDGE(*,*,#275,.T.);
#292=EDGE_LOOP('',(#285,#289,#290,#291));
#293=FACE_OUTER_BOUND('',#292,.T.);
#294=DIRECTION('',(0.799636288,0.0,0.600484643));
#295=AXIS2_PLACEMENT_3D('',#255,#294,#35);
#296=PLANE('',#295);
#297=ADVANCED_FACE('',(#293),#296,.T.);
#298=ORIENTED_EDGE(*,*,#253,.F.);
#299=ORIENTED_EDGE(*,*,#192,.F.);
#300=ORIENTED_EDGE(*,*,#241,.T.);
#301=ORIENTED_EDGE(*,*,#288,.T.);
#302=EDGE_LOOP('',(#298,#299,#300,#301));
#303=FACE_OUTER_BOUND('',#302,.T.);
#304=DIRECTION('',(-0.49242356,0.0,0.870355696));
#305=AXIS2_PLACEMENT_3D('',#249,#304,#70);
#306=PLANE('',#305);
#307=ADVANCED_FACE('',(#303),#306,.T.);
#308=ORIENTED_EDGE(*,*,#164,.T.);
#309=ORIENTED_EDGE(*,*,#179,.F.);
#310=ORIENTED_EDGE(*,*,#140,.T.);
#311=ORIENTED_EDGE(*,*,#192,.T.);
#312=EDGE_LOOP('',(#308,#309,#310,#311));
#313=FACE_OUTER_BOUND('',#312,.T.);
#314=DIRECTION('',(-0.902404234,0.0,-0.430890472));
#315=AXIS2_PLACEMENT_3D('',#153,#314,#70);
#316=PLANE('',#315);
#317=ADVANCED_FACE('',(#313),#316,.T.);
#318=CLOSED_SHELL('',(#248,#271,#284,#297,#307,#317));
#319=MANIFOLD_SOLID_BREP('winding1_sector03',#318);
#320=CARTESIAN_POINT('',(8.632077604,-6.5,5.51142874));
#321=VERTEX_POINT('',#320);
#322=DIRECTION('',(0.773838892,0.0,0.633382483));
#323=VECTOR('',#322,1.);
#324=LINE('',#224,#323);
#325=EDGE_CURVE('',#225,#321,#324,.T.);
#326=ORIENTED_EDGE(*,*,#325,.T.);
#327=CARTESIAN_POINT('',(3.308963082,-6.5,10.304571496));
#328=VERTEX_POINT('',#327);
#329=DIRECTION('',(-0.743131711,0.0,0.669145171));
#330=VECTOR('',#329,1.);
#331=LINE('',#320,#330);
#332=EDGE_CURVE('',#321,#328,#331,.T.);
#333=ORIENTED_EDGE(*,*,#332,.T.);
#334=DIRECTION('',(0.760405966,0.0,0.649448048));
#335=VECTOR('',#334,1.);
#336=LINE('',#231,#335);
#337=EDGE_CURVE('',#232,#328,#336,.T.);
#338=ORIENTED_EDGE(*,*,#337,.F.);
#339=ORIENTED_EDGE(*,*,#236,.F.);
#340=EDGE_LOOP('',(#326,#333,#338,#339));
#341=FACE_OUTER_BOUND('',#340,.T.);
#342=AXIS2_PLACEMENT_3D('',#224,#35,#36);
#343=PLANE('',#342);
#344=ADVANCED_FACE('',(#341),#343,.T.);
#345=CARTESIAN_POINT('',(3.308963082,6.5,10.304571496));
#346=VERTEX_POINT('',#345);
#347=VECTOR('',#334,1.);
#348=LINE('',#249,#347);
#349=EDGE_CURVE('',#250,#346,#348,.T.);
#350=ORIENTED_EDGE(*,*,#349,.T.);
#351=CARTESIAN_POINT('',(8.632077604,6.5,5.51142874));
#352=VERTEX_POINT('',#351);
#353=DIRECTION('',(0.743131711,0.0,-0.669145171));
#354=VECTOR('',#353,1.);
#355=LINE('',#345,#354);
#356=EDGE_CURVE('',#346,#352,#355,.T.);
#357=ORIENTED_EDGE(*,*,#356,.T.);
#358=VECTOR('',#322,1.);
#359=LINE('',#255,#358);
#360=EDGE_CURVE('',#256,#352,#359,.T.);
#361=ORIENTED_EDGE(*,*,#360,.F.);
#362=ORIENTED_EDGE(*,*,#260,.F.);
#363=EDGE_LOOP('',(#350,#357,#361,#362));
#364=FACE_OUTER_BOUND('',#363,.T.);
#365=AXIS2_PLACEMENT_3D('',#249,#70,#3);
#366=PLANE('',#365);
#367=ADVANCED_FACE('',(#364),#366,.T.);
#368=ORIENTED_EDGE(*,*,#360,.T.);
#369=VECTOR('',#70,1.);
#370=LINE('',#320,#369);
#371=EDGE_CURVE('',#321,#352,#370,.T.);
#372=ORIENTED_EDGE(*,*,#371,.F.);
#373=ORIENTED_EDGE(*,*,#325,.F.);
#374=ORIENTED_EDGE(*,*,#275,.T.);
#375=EDGE_LOOP('',(#368,#372,#373,#374));
#376=FACE_OUTER_BOUND('',#375,.T.);
#377=DIRECTION('',(0.633382483,0.0,-0.773838892));
#378=AXIS2_PLACEMENT_3D('',#255,#377,#35);
#379=PLANE('',#378);
#380=ADVANCED_FACE('',(#376),#379,.T.);
#381=ORIENTED_EDGE(*,*,#356,.F.);
#382=VECTOR('',#70,1.);
#383=LINE('',#327,#382);
#384=EDGE_CURVE('',#328,#346,#383,.T.);
#385=ORIENTED_EDGE(*,*,#384,.F.);
#386=ORIENTED_EDGE(*,*,#332,.F.);
#387=ORIENTED_EDGE(*,*,#371,.T.);
#388=EDGE_LOOP('',(#381,#385,#386,#387));
#389=FACE_OUTER_BOUND('',#388,.T.);
#390=DIRECTION('',(0.669145171,0.0,0.743131711));
#391=AXIS2_PLACEMENT_3D('',#351,#390,#35);
#392=PLANE('',#391);
#393=ADVANCED_FACE('',(#389),#392,.T.);
#394=ORIENTED_EDGE(*,*,#349,.F.);
#395=ORIENTED_EDGE(*,*,#288,.F.);
#396=ORIENTED_EDGE(*,*,#337,.T.);
#397=ORIENTED_EDGE(*,*,#384,.T.);
#398=EDGE_LOOP('',(#394,#395,#396,#397));
#399=FACE_OUTER_BOUND('',#398,.T.);
#400=DIRECTION('',(-0.649448048,0.0,0.760405966));
#401=AXIS2_PLACEMENT_3D('',#345,#400,#70);
#402=PLANE('',#401);
#403=ADVANCED_FACE('',(#399),#402,.T.);
#404=ORIENTED_EDGE(*,*,#260,.T.);
#405=ORIENTED_EDGE(*,*,#275,.F.);
#406=ORIENTED_EDGE(*,*,#236,.T.);
#407=ORIENTED_EDGE(*,*,#288,.T.);
#408=EDGE_LOOP('',(#404,#405,#406,#407));
#409=FACE_OUTER_BOUND('',#408,.T.);
#410=DIRECTION('',(-0.799636288,0.0,-0.600484643));
#411=AXIS2_PLACEMENT_3D('',#249,#410,#70);
#412=PLANE('',#411);
#413=ADVANCED_FACE('',(#409),#412,.T.);
#414=CLOSED_SHELL('',(#344,#367,#380,#393,#403,#413));
#415=MANIFOLD_SOLID_BREP('winding1_sector04',#414);
#416=CARTESIAN_POINT('',(10.064046815,-6.5,7.236651097));
#417=VERTEX_POINT('',#416);
#418=DIRECTION('',(0.638678575,0.0,0.769473637));
#419=VECTOR('',#418,1.);
#420=LINE('',#320,#419);
#421=EDGE_CURVE('',#321,#417,#420,.T.);
#422=ORIENTED_EDGE(*,*,#421,.T.);
#423=CARTESIAN_POINT('',(3.857884613,-6.5,10.994660439));
#424=VERTEX_POINT('',#423);
#425=DIRECTION('',(-0.855399442,0.0,0.517968913));
#426=VECTOR('',#425,1.);
#427=LINE('',#416,#426);
#428=EDGE_CURVE('',#417,#424,#427,.T.);
#429=ORIENTED_EDGE(*,*,#428,.T.);
#430=DIRECTION('',(0.622514637,0.0,0.782608157));
#431=VECTOR('',#430,1.);
#432=LINE('',#327,#431);
#433=EDGE_CURVE('',#328,#424,#432,.T.);
#434=ORIENTED_EDGE(*,*,#433,.F.);
#435=ORIENTED_EDGE(*,*,#332,.F.);
#436=EDGE_LOOP('',(#422,#429,#434,#435));
#437=FACE_OUTER_BOUND('',#436,.T.);
#438=AXIS2_PLACEMENT_3D('',#320,#35,#36);
#439=PLANE('',#438);
#440=ADVANCED_FACE('',(#437),#439,.T.);
#441=CARTESIAN_POINT('',(3.857884613,6.5,10.994660439));
#442=VERTEX_POINT('',#441);
#443=VECTOR('',#430,1.);
#444=LINE('',#345,#443);
#445=EDGE_CURVE('',#346,#442,#444,.T.);
#446=ORIENTED_EDGE(*,*,#445,.T.);
#447=CARTESIAN_POINT('',(10.064046815,6.5,7.236651097));
#448=VERTEX_POINT('',#447);
#449=DIRECTION('',(0.855399442,0.0,-0.517968913));
#450=VECTOR('',#449,1.);
#451=LINE('',#441,#450);
#452=EDGE_CURVE('',#442,#448,#451,.T.);
#453=ORIENTED_EDGE(*,*,#452,.T.);
#454=VECTOR('',#418,1.);
#455=LINE('',#351,#454);
#456=EDGE_CURVE('',#352,#448,#455,.T.);
#457=ORIENTED_EDGE(*,*,#456,.F.);
#458=ORIENTED_EDGE(*,*,#356,.F.);
#459=EDGE_LOOP('',(#446,#453,#457,#458));
#460=FACE_OUTER_BOUND('',#459,.T.);
#461=AXIS2_PLACEMENT_3D('',#345,#70,#3);
#462=PLANE('',#461);
#463=ADVANCED_FACE('',(#460),#462,.T.);
#464=ORIENTED_EDGE(*,*,#456,.T.);
#465=VECTOR('',#70,1.);
#466=LINE('',#416,#465);
#467=EDGE_CURVE('',#417,#448,#466,.T.);
#468=ORIENTED_EDGE(*,*,#467,.F.);
#469=ORIENTED_EDGE(*,*,#421,.F.);
#470=ORIENTED_EDGE(*,*,#371,.T.);
#471=EDGE_LOOP('',(#464,#468,#469,#470));
#472=FACE_OUTER_BOUND('',#471,.T.);
#473=DIRECTION('',(0.769473637,0.0,-0.638678575));
#474=AXIS2_PLACEMENT_3D('',#351,#473,#35);
#475=PLANE('',#474);
#476=ADVANCED_FACE('',(#472),#475,.T.);
#477=ORIENTED_EDGE(*,*,#452,.F.);
#478=VECTOR('',#70,1.);
#479=LINE('',#423,#478);
#480=EDGE_CURVE('',#424,#442,#479,.T.);
#481=ORIENTED_EDGE(*,*,#480,.F.);
#482=ORIENTED_EDGE(*,*,#428,.F.);
#483=ORIENTED_EDGE(*,*,#467,.T.);
#484=EDGE_LOOP('',(#477,#481,#482,#483));
#485=FACE_OUTER_BOUND('',#484,.T.);
#486=DIRECTION('',(0.517968913,0.0,0.855399442));
#487=AXIS2_PLACEMENT_3D('',#447,#486,#35);
#488=PLANE('',#487);
#489=ADVANCED_FACE('',(#485),#488,.T.);
#490=ORIENTED_EDGE(*,*,#445,.F.);
#491=ORIENTED_EDGE(*,*,#384,.F.);
#492=ORIENTED_EDGE(*,*,#433,.T.);
#493=ORIENTED_EDGE(*,*,#480,.T.);
#494=EDGE_LOOP('',(#490,#491,#492,#493));
#495=FACE_OUTER_BOUND('',#494,.T.);
#496=DIRECTION('',(-0.782608157,0.0,0.622514637));
#497=AXIS2_PLACEMENT_3D('',#441,#496,#70);
#498=PLANE('',#497);
#499=ADVANCED_FACE('',(#495),#498,.T.);
#500=ORIENTED_EDGE(*,*,#356,.T.);
#501=ORIENTED_EDGE(*,*,#371,.F.);
#502=ORIENTED_EDGE(*,*,#332,.T.);
#503=ORIENTED_EDGE(*,*,#384,.T.);
#504=EDGE_LOOP('',(#500,#501,#502,#503));
#505=FACE_OUTER_BOUND('',#504,.T.);
#506=DIRECTION('',(-0.669145171,0.0,-0.743131711));
#507=AXIS2_PLACEMENT_3D('',#345,#506,#70);
#508=PLANE('',#507);
#509=ADVANCED_FACE('',(#505),#508,.T.);
#510=CLOSED_SHELL('',(#440,#463,#476,#489,#499,#509));
#511=MANIFOLD_SOLID_BREP('winding1_sector05',#510);
#512=CARTESIAN_POINT('',(11.126206255,-6.5,9.192024176));
#513=VERTEX_POINT('',#512);
#514=DIRECTION('',(0.47732482,0.0,0.878726929));
#515=VECTOR('',#514,1.);
#516=LINE('',#416,#515);
#517=EDGE_CURVE('',#417,#513,#516,.T.);
#518=ORIENTED_EDGE(*,*,#517,.T.);
#519=CARTESIAN_POINT('',(4.265045731,-6.5,11.77680967));
#520=VERTEX_POINT('',#519);
#521=DIRECTION('',(-0.93579673,0.0,0.352540041));
#522=VECTOR('',#521,1.);
#523=LINE('',#512,#522);
#524=EDGE_CURVE('',#513,#520,#523,.T.);
#525=ORIENTED_EDGE(*,*,#524,.T.);
#526=DIRECTION('',(0.461748613,0.0,0.887010833));
#527=VECTOR('',#526,1.);
#528=LINE('',#423,#527);
#529=EDGE_CURVE('',#424,#520,#528,.T.);
#530=ORIENTED_EDGE(*,*,#529,.F.);
#531=ORIENTED_EDGE(*,*,#428,.F.);
#532=EDGE_LOOP('',(#518,#525,#530,#531));
#533=FACE_OUTER_BOUND('',#532,.T.);
#534=AXIS2_PLACEMENT_3D('',#416,#35,#36);
#535=PLANE('',#534);
#536=ADVANCED_FACE('',(#533),#535,.T.);
#537=CARTESIAN_POINT('',(4.265045731,6.5,11.77680967));
#538=VERTEX_POINT('',#537);
#539=VECTOR('',#526,1.);
#540=LINE('',#441,#539);
#541=EDGE_CURVE('',#442,#538,#540,.T.);
#542=ORIENTED_EDGE(*,*,#541,.T.);
#543=CARTESIAN_POINT('',(11.126206255,6.5,9.192024176));
#544=VERTEX_POINT('',#543);
#545=DIRECTION('',(0.93579673,0.0,-0.352540041));
#546=VECTOR('',#545,1.);
#547=LINE('',#537,#546);
#548=EDGE_CURVE('',#538,#544,#547,.T.);
#549=ORIENTED_EDGE(*,*,#548,.T.);
#550=VECTOR('',#514,1.);
#551=LINE('',#447,#550);
#552=EDGE_CURVE('',#448,#544,#551,.T.);
#553=ORIENTED_EDGE(*,*,#552,.F.);
#554=ORIENTED_EDGE(*,*,#452,.F.);
#555=EDGE_LOOP('',(#542,#549,#553,#554));
#556=FACE_OUTER_BOUND('',#555,.T.);
#557=AXIS2_PLACEMENT_3D('',#441,#70,#3);
#558=PLANE('',#557);
#559=ADVANCED_FACE('',(#556),#558,.T.);
#560=ORIENTED_EDGE(*,*,#552,.T.);
#561=VECTOR('',#70,1.);
#562=LINE('',#512,#561);
#563=EDGE_CURVE('',#513,#544,#562,.T.);
#564=ORIENTED_EDGE(*,*,#563,.F.);
#565=ORIENTED_EDGE(*,*,#517,.F.);
#566=ORIENTED_EDGE(*,*,#467,.T.);
#567=EDGE_LOOP('',(#560,#564,#565,#566));
#568=FACE_OUTER_BOUND('',#567,.T.);
#569=DIRECTION('',(0.878726929,0.0,-0.47732482));
#570=AXIS2_PLACEMENT_3D('',#447,#569,#35);
#571=PLANE('',#570);
#572=ADVANCED_FACE('',(#568),#571,.T.);
#573=ORIENTED_EDGE(*,*,#548,.F.);
#574=VECTOR('',#70,1.);
#575=LINE('',#519,#574);
#576=EDGE_CURVE('',#520,#538,#575,.T.);
#577=ORIENTED_EDGE(*,*,#576,.F.);
#578=ORIENTED_EDGE(*,*,#524,.F.);
#579=ORIENTED_EDGE(*,*,#563,.T.);
#580=EDGE_LOOP('',(#573,#577,#578,#579));
#581=FACE_OUTER_BOUND('',#580,.T.);
#582=DIRECTION('',(0.352540041,0.0,0.93579673));
#583=AXIS2_PLACEMENT_3D('',#543,#582,#70);
#584=PLANE('',#583);
#585=ADVANCED_FACE('',(#581),#584,.T.);
#586=ORIENTED_EDGE(*,*,#541,.F.);
#587=ORIENTED_EDGE(*,*,#480,.F.);
#588=ORIENTED_EDGE(*,*,#529,.T.);
#589=ORIENTED_EDGE(*,*,#576,.T.);
#590=EDGE_LOOP('',(#586,#587,#588,#589));
#591=FACE_OUTER_BOUND('',#590,.T.);
#592=DIRECTION('',(-0.887010833,0.0,0.461748613));
#593=AXIS2_PLACEMENT_3D('',#537,#592,#70);
#594=PLANE('',#593);
#595=ADVANCED_FACE('',(#591),#594,.T.);
#596=ORIENTED_EDGE(*,*,#452,.T.);
#597=ORIENTED_EDGE(*,*,#467,.F.);
#598=ORIENTED_EDGE(*,*,#428,.T.);
#599=ORIENTED_EDGE(*,*,#480,.T.);
#600=EDGE_LOOP('',(#596,#597,#598,#599));
#601=FACE_OUTER_BOUND('',#600,.T.);
#602=DIRECTION('',(-0.517968913,0.0,-0.855399442));
#603=AXIS2_PLACEMENT_3D('',#441,#602,#70);
#604=PLANE('',#603);
#605=ADVANCED_FACE('',(#601),#604,.T.);
#606=CLOSED_SHELL('',(#536,#559,#572,#585,#595,#605));
#607=MANIFOLD_SOLID_BREP('winding1_sector06',#606);
#608=CARTESIAN_POINT('',(11.779526201,-6.5,11.305696553));
#609=VERTEX_POINT('',#608);
#610=DIRECTION('',(0.295307521,0.0,0.955402255));
#611=VECTOR('',#610,1.);
#612=LINE('',#512,#611);
#613=EDGE_CURVE('',#513,#609,#612,.T.);
#614=ORIENTED_EDGE(*,*,#613,.T.);
#615=CARTESIAN_POINT('',(4.515485044,-6.5,12.622278621));
#616=VERTEX_POINT('',#615);
#617=DIRECTION('',(-0.983968762,0.0,0.178340899));
#618=VECTOR('',#617,1.);
#619=LINE('',#608,#618);
#620=EDGE_CURVE('',#609,#616,#619,.T.);
#621=ORIENTED_EDGE(*,*,#620,.T.);
#622=DIRECTION('',(0.284015345,0.0,0.958819735));
#623=VECTOR('',#622,1.);
#624=LINE('',#519,#623);
#625=EDGE_CURVE('',#520,#616,#624,.T.);
#626=ORIENTED_EDGE(*,*,#625,.F.);
#627=ORIENTED_EDGE(*,*,#524,.F.);
#628=EDGE_LOOP('',(#614,#621,#626,#627));
#629=FACE_OUTER_BOUND('',#628,.T.);
#630=AXIS2_PLACEMENT_3D('',#512,#35,#36);
#631=PLANE('',#630);
#632=ADVANCED_FACE('',(#629),#631,.T.);
#633=CARTESIAN_POINT('',(4.515485044,6.5,12.622278621));
#634=VERTEX_POINT('',#633);
#635=VECTOR('',#622,1.);
#636=LINE('',#537,#635);
#637=EDGE_CURVE('',#538,#634,#636,.T.);
#638=ORIENTED_EDGE(*,*,#637,.T.);
#639=CARTESIAN_POINT('',(11.779526201,6.5,11.305696553));
#640=VERTEX_POINT('',#639);
#641=DIRECTION('',(0.983968762,0.0,-0.178340899));
#642=VECTOR('',#641,1.);
#643=LINE('',#633,#642);
#644=EDGE_CURVE('',#634,#640,#643,.T.);
#645=ORIENTED_EDGE(*,*,#644,.T.);
#646=VECTOR('',#610,1.);
#647=LINE('',#543,#646);
#648=EDGE_CURVE('',#544,#640,#647,.T.);
#649=ORIENTED_EDGE(*,*,#648,.F.);
#650=ORIENTED_EDGE(*,*,#548,.F.);
#651=EDGE_LOOP('',(#638,#645,#649,#650));
#652=FACE_OUTER_BOUND('',#651,.T.);
#653=AXIS2_PLACEMENT_3D('',#537,#70,#3);
#654=PLANE('',#653);
#655=ADVANCED_FACE('',(#652),#654,.T.);
#656=ORIENTED_EDGE(*,*,#648,.T.);
#657=VECTOR('',#70,1.);
#658=LINE('',#608,#657);
#659=EDGE_CURVE('',#609,#640,#658,.T.);
#660=ORIENTED_EDGE(*,*,#659,.F.);
#661=ORIENTED_EDGE(*,*,#613,.F.);
#662=ORIENTED_EDGE(*,*,#563,.T.);
#663=EDGE_LOOP('',(#656,#660,#661,#662));
#664=FACE_OUTER_BOUND('',#663,.T.);
#665=DIRECTION('',(0.955402255,0.0,-0.295307521));
#666=AXIS2_PLACEMENT_3D('',#543,#665,#35);
#667=PLANE('',#666);
#668=ADVANCED_FACE('',(#664),#667,.T.);
#669=ORIENTED_EDGE(*,*,#644,.F.);
#670=VECTOR('',#70,1.);
#671=LINE('',#615,#670);
#672=EDGE_CURVE('',#616,#634,#671,.T.);
#673=ORIENTED_EDGE(*,*,#672,.F.);
#674=ORIENTED_EDGE(*,*,#620,.F.);
#675=ORIENTED_EDGE(*,*,#659,.T.);
#676=EDGE_LOOP('',(#669,#673,#674,#675));
#677=FACE_OUTER_BOUND('',#676,.T.);
#678=DIRECTION('',(0.178340899,0.0,0.983968762));
#679=AXIS2_PLACEMENT_3D('',#639,#678,#70);
#680=PLANE('',#679);
#681=ADVANCED_FACE('',(#677),#680,.T.);
#682=ORIENTED_EDGE(*,*,#637,.F.);
#683=ORIENTED_EDGE(*,*,#576,.F.);
#684=ORIENTED_EDGE(*,*,#625,.T.);
#685=ORIENTED_EDGE(*,*,#672,.T.);
#686=EDGE_LOOP('',(#682,#683,#684,#685));
#687=FACE_OUTER_BOUND('',#686,.T.);
#688=DIRECTION('',(-0.958819735,0.0,0.284015345));
#689=AXIS2_PLACEMENT_3D('',#633,#688,#70);
#690=PLANE('',#689);
#691=ADVANCED_FACE('',(#687),#690,.T.);
#692=ORIENTED_EDGE(*,*,#548,.T.);
#693=ORIENTED_EDGE(*,*,#563,.F.);
#694=ORIENTED_EDGE(*,*,#524,.T.);
#695=ORIENTED_EDGE(*,*,#576,.T.);
#696=EDGE_LOOP('',(#692,#693,#694,#695));
#697=FACE_OUTER_BOUND('',#696,.T.);
#698=DIRECTION('',(-0.352540041,0.0,-0.93579673));
#699=AXIS2_PLACEMENT_3D('',#537,#698,#35);
#700=PLANE('',#699);
#701=ADVANCED_FACE('',(#697),#700,.T.);
#702=CLOSED_SHELL('',(#632,#655,#668,#681,#691,#701));
#703=MANIFOLD_SOLID_BREP('winding1_sector07',#702);
#704=CARTESIAN_POINT('',(12.0,-6.5,13.5));
#705=VERTEX_POINT('',#704);
#706=DIRECTION('',(0.09997217,0.0,0.994990234));
#707=VECTOR('',#706,1.);
#708=LINE('',#608,#707);
#709=EDGE_CURVE('',#609,#705,#708,.T.);
#710=ORIENTED_EDGE(*,*,#709,.T.);
#711=CARTESIAN_POINT('',(4.6,-6.5,13.5));
#712=VERTEX_POINT('',#711);
#713=VECTOR('',#36,1.);
#714=LINE('',#704,#713);
#715=EDGE_CURVE('',#705,#712,#714,.T.);
#716=ORIENTED_EDGE(*,*,#715,.T.);
#717=DIRECTION('',(0.095845753,0.0,0.995396198));
#718=VECTOR('',#717,1.);
#719=LINE('',#615,#718);
#720=EDGE_CURVE('',#616,#712,#719,.T.);
#721=ORIENTED_EDGE(*,*,#720,.F.);
#722=ORIENTED_EDGE(*,*,#620,.F.);
#723=EDGE_LOOP('',(#710,#716,#721,#722));
#724=FACE_OUTER_BOUND('',#723,.T.);
#725=AXIS2_PLACEMENT_3D('',#608,#35,#36);
#726=PLANE('',#725);
#727=ADVANCED_FACE('',(#724),#726,.T.);
#728=CARTESIAN_POINT('',(4.6,6.5,13.5));
#729=VERTEX_POINT('',#728);
#730=VECTOR('',#717,1.);
#731=LINE('',#633,#730);
#732=EDGE_CURVE('',#634,#729,#731,.T.);
#733=ORIENTED_EDGE(*,*,#732,.T.);
#734=CARTESIAN_POINT('',(12.0,6.5,13.5));
#735=VERTEX_POINT('',#734);
#736=VECTOR('',#3,1.);
#737=LINE('',#728,#736);
#738=EDGE_CURVE('',#729,#735,#737,.T.);
#739=ORIENTED_EDGE(*,*,#738,.T.);
#740=VECTOR('',#706,1.);
#741=LINE('',#639,#740);
#742=EDGE_CURVE('',#640,#735,#741,.T.);
#743=ORIENTED_EDGE(*,*,#742,.F.);
#744=ORIENTED_EDGE(*,*,#644,.F.);
#745=EDGE_LOOP('',(#733,#739,#743,#744));
#746=FACE_OUTER_BOUND('',#745,.T.);
#747=AXIS2_PLACEMENT_3D('',#633,#70,#3);
#748=PLANE('',#747);
#749=ADVANCED_FACE('',(#746),#748,.T.);
#750=ORIENTED_EDGE(*,*,#742,.T.);
#751=VECTOR('',#70,1.);
#752=LINE('',#704,#751);
#753=EDGE_CURVE('',#705,#735,#752,.T.);
#754=ORIENTED_EDGE(*,*,#753,.F.);
#755=ORIENTED_EDGE(*,*,#709,.F.);
#756=ORIENTED_EDGE(*,*,#659,.T.);
#757=EDGE_LOOP('',(#750,#754,#755,#756));
#758=FACE_OUTER_BOUND('',#757,.T.);
#759=DIRECTION('',(0.994990234,0.0,-0.09997217));
#760=AXIS2_PLACEMENT_3D('',#639,#759,#35);
#761=PLANE('',#760);
#762=ADVANCED_FACE('',(#758),#761,.T.);
#763=ORIENTED_EDGE(*,*,#738,.F.);
#764=VECTOR('',#70,1.);
#765=LINE('',#711,#764);
#766=EDGE_CURVE('',#712,#729,#765,.T.);
#767=ORIENTED_EDGE(*,*,#766,.F.);
#768=ORIENTED_EDGE(*,*,#715,.F.);
#769=ORIENTED_EDGE(*,*,#753,.T.);
#770=EDGE_LOOP('',(#763,#767,#768,#769));
#771=FACE_OUTER_BOUND('',#770,.T.);
#772=AXIS2_PLACEMENT_3D('',#734,#2,#70);
#773=PLANE('',#772);
#774=ADVANCED_FACE('',(#771),#773,.T.);
#775=ORIENTED_EDGE(*,*,#732,.F.);
#776=ORIENTED_EDGE(*,*,#672,.F.);
#777=ORIENTED_EDGE(*,*,#720,.T.);
#778=ORIENTED_EDGE(*,*,#766,.T.);
#779=EDGE_LOOP('',(#775,#776,#777,#778));
#780=FACE_OUTER_BOUND('',#779,.T.);
#781=DIRECTION('',(-0.995396198,0.0,0.095845753));
#782=AXIS2_PLACEMENT_3D('',#728,#781,#70);
#783=PLANE('',#782);
#784=ADVANCED_FACE('',(#780),#783,.T.);
#785=ORIENTED_EDGE(*,*,#644,.T.);
#786=ORIENTED_EDGE(*,*,#659,.F.);
#787=ORIENTED_EDGE(*,*,#620,.T.);
#788=ORIENTED_EDGE(*,*,#672,.T.);
#789=EDGE_LOOP('',(#785,#786,#787,#788));
#790=FACE_OUTER_BOUND('',#789,.T.);
#791=DIRECTION('',(-0.178340899,0.0,-0.983968762));
#792=AXIS2_PLACEMENT_3D('',#633,#791,#35);
#793=PLANE('',#792);
#794=ADVANCED_FACE('',(#790),#793,.T.);
#795=CLOSED_SHELL('',(#727,#749,#762,#774,#784,#794));
#796=MANIFOLD_SOLID_BREP('winding1_sector08',#795);
#797=CARTESIAN_POINT('',(11.779526201,-6.5,15.694303447));
#798=VERTEX_POINT('',#797);
#799=DIRECTION('',(-0.09997217,0.0,0.994990234));
#800=VECTOR('',#799,1.);
#801=LINE('',#704,#800);
#802=EDGE_CURVE('',#705,#798,#801,.T.);
#803=ORIENTED_EDGE(*,*,#802,.T.);
#804=CARTESIAN_POINT('',(4.515485044,-6.5,14.377721379));
#805=VERTEX_POINT('',#804);
#806=DIRECTION('',(-0.983968762,0.0,-0.178340899));
#807=VECTOR('',#806,1.);
#808=LINE('',#797,#807);
#809=EDGE_CURVE('',#798,#805,#808,.T.);
#810=ORIENTED_EDGE(*,*,#809,.T.);
#811=DIRECTION('',(-0.095845753,0.0,0.995396198));
#812=VECTOR('',#811,1.);
#813=LINE('',#711,#812);
#814=EDGE_CURVE('',#712,#805,#813,.T.);
#815=ORIENTED_EDGE(*,*,#814,.F.);
#816=ORIENTED_EDGE(*,*,#715,.F.);
#817=EDGE_LOOP('',(#803,#810,#815,#816));
#818=FACE_OUTER_BOUND('',#817,.T.);
#819=AXIS2_PLACEMENT_3D('',#704,#35,#36);
#820=PLANE('',#819);
#821=ADVANCED_FACE('',(#818),#820,.T.);
#822=CARTESIAN_POINT('',(4.515485044,6.5,14.377721379));
#823=VERTEX_POINT('',#822);
#824=VECTOR('',#811,1.);
#825=LINE('',#728,#824);
#826=EDGE_CURVE('',#729,#823,#825,.T.);
#827=ORIENTED_EDGE(*,*,#826,.T.);
#828=CARTESIAN_POINT('',(11.779526201,6.5,15.694303447));
#829=VERTEX_POINT('',#828);
#830=DIRECTION('',(0.983968762,0.0,0.178340899));
#831=VECTOR('',#830,1.);
#832=LINE('',#822,#831);
#833=EDGE_CURVE('',#823,#829,#832,.T.);
#834=ORIENTED_EDGE(*,*,#833,.T.);
#835=VECTOR('',#799,1.);
#836=LINE('',#734,#835);
#837=EDGE_CURVE('',#735,#829,#836,.T.);
#838=ORIENTED_EDGE(*,*,#837,.F.);
#839=ORIENTED_EDGE(*,*,#738,.F.);
#840=EDGE_LOOP('',(#827,#834,#838,#839));
#841=FACE_OUTER_BOUND('',#840,.T.);
#842=AXIS2_PLACEMENT_3D('',#728,#70,#3);
#843=PLANE('',#842);
#844=ADVANCED_FACE('',(#841),#843,.T.);
#845=ORIENTED_EDGE(*,*,#837,.T.);
#846=VECTOR('',#70,1.);
#847=LINE('',#797,#846);
#848=EDGE_CURVE('',#798,#829,#847,.T.);
#849=ORIENTED_EDGE(*,*,#848,.F.);
#850=ORIENTED_EDGE(*,*,#802,.F.);
#851=ORIENTED_EDGE(*,*,#753,.T.);
#852=EDGE_LOOP('',(#845,#849,#850,#851));
#853=FACE_OUTER_BOUND('',#852,.T.);
#854=DIRECTION('',(0.994990234,0.0,0.09997217));
#855=AXIS2_PLACEMENT_3D('',#734,#854,#35);
#856=PLANE('',#855);
#857=ADVANCED_FACE('',(#853),#856,.T.);
#858=ORIENTED_EDGE(*,*,#833,.F.);
#859=VECTOR('',#70,1.);
#860=LINE('',#804,#859);
#861=EDGE_CURVE('',#805,#823,#860,.T.);
#862=ORIENTED_EDGE(*,*,#861,.F.);
#863=ORIENTED_EDGE(*,*,#809,.F.);
#864=ORIENTED_EDGE(*,*,#848,.T.);
#865=EDGE_LOOP('',(#858,#862,#863,#864));
#866=FACE_OUTER_BOUND('',#865,.T.);
#867=DIRECTION('',(-0.178340899,0.0,0.983968762));
#868=AXIS2_PLACEMENT_3D('',#828,#867,#70);
#869=PLANE('',#868);
#870=ADVANCED_FACE('',(#866),#869,.T.);
#871=ORIENTED_EDGE(*,*,#826,.F.);
#872=ORIENTED_EDGE(*,*,#766,.F.);
#873=ORIENTED_EDGE(*,*,#814,.T.);
#874=ORIENTED_EDGE(*,*,#861,.T.);
#875=EDGE_LOOP('',(#871,#872,#873,#874));
#876=FACE_OUTER_BOUND('',#875,.T.);
#877=DIRECTION('',(-0.995396198,0.0,-0.095845753));
#878=AXIS2_PLACEMENT_3D('',#822,#877,#70);
#879=PLANE('',#878);
#880=ADVANCED_FACE('',(#876),#879,.T.);
#881=ORIENTED_EDGE(*,*,#738,.T.);
#882=ORIENTED_EDGE(*,*,#753,.F.);
#883=ORIENTED_EDGE(*,*,#715,.T.);
#884=ORIENTED_EDGE(*,*,#766,.T.);
#885=EDGE_LOOP('',(#881,#882,#883,#884));
#886=FACE_OUTER_BOUND('',#885,.T.);
#887=DIRECTION('',(0.0,0.0,-1.0));
#888=AXIS2_PLACEMENT_3D('',#728,#887,#35);
#889=PLANE('',#888);
#890=ADVANCED_FACE('',(#886),#889,.T.);
#891=CLOSED_SHELL('',(#821,#844,#857,#870,#880,#890));
#892=MANIFOLD_SOLID_BREP('winding1_sector09',#891);
#893=CARTESIAN_POINT('',(11.126206255,-6.5,17.807975824));
#894=VERTEX_POINT('',#893);
#895=DIRECTION('',(-0.295307521,0.0,0.955402255));
#896=VECTOR('',#895,1.);
#897=LINE('',#797,#896);
#898=EDGE_CURVE('',#798,#894,#897,.T.);
#899=ORIENTED_EDGE(*,*,#898,.T.);
#900=CARTESIAN_POINT('',(4.265045731,-6.5,15.22319033));
#901=VERTEX_POINT('',#900);
#902=DIRECTION('',(-0.93579673,0.0,-0.352540041));
#903=VECTOR('',#902,1.);
#904=LINE('',#893,#903);
#905=EDGE_CURVE('',#894,#901,#904,.T.);
#906=ORIENTED_EDGE(*,*,#905,.T.);
#907=DIRECTION('',(-0.284015345,0.0,0.958819735));
#908=VECTOR('',#907,1.);
#909=LINE('',#804,#908);
#910=EDGE_CURVE('',#805,#901,#909,.T.);
#911=ORIENTED_EDGE(*,*,#910,.F.);
#912=ORIENTED_EDGE(*,*,#809,.F.);
#913=EDGE_LOOP('',(#899,#906,#911,#912));
#914=FACE_OUTER_BOUND('',#913,.T.);
#915=AXIS2_PLACEMENT_3D('',#797,#35,#36);
#916=PLANE('',#915);
#917=ADVANCED_FACE('',(#914),#916,.T.);
#918=CARTESIAN_POINT('',(4.265045731,6.5,15.22319033));
#919=VERTEX_POINT('',#918);
#920=VECTOR('',#907,1.);
#921=LINE('',#822,#920);
#922=EDGE_CURVE('',#823,#919,#921,.T.);
#923=ORIENTED_EDGE(*,*,#922,.T.);
#924=CARTESIAN_POINT('',(11.126206255,6.5,17.807975824));
#925=VERTEX_POINT('',#924);
#926=DIRECTION('',(0.93579673,0.0,0.352540041));
#927=VECTOR('',#926,1.);
#928=LINE('',#918,#927);
#929=EDGE_CURVE('',#919,#925,#928,.T.);
#930=ORIENTED_EDGE(*,*,#929,.T.);
#931=VECTOR('',#895,1.);
#932=LINE('',#828,#931);
#933=EDGE_CURVE('',#829,#925,#932,.T.);
#934=ORIENTED_EDGE(*,*,#933,.F.);
#935=ORIENTED_EDGE(*,*,#833,.F.);
#936=EDGE_LOOP('',(#923,#930,#934,#935));
#937=FACE_OUTER_BOUND('',#936,.T.);
#938=AXIS2_PLACEMENT_3D('',#822,#70,#3);
#939=PLANE('',#938);
#940=ADVANCED_FACE('',(#937),#939,.T.);
#941=ORIENTED_EDGE(*,*,#933,.T.);
#942=VECTOR('',#70,1.);
#943=LINE('',#893,#942);
#944=EDGE_CURVE('',#894,#925,#943,.T.);
#945=ORIENTED_EDGE(*,*,#944,.F.);
#946=ORIENTED_EDGE(*,*,#898,.F.);
#947=ORIENTED_EDGE(*,*,#848,.T.);
#948=EDGE_LOOP('',(#941,#945,#946,#947));
#949=FACE_OUTER_BOUND('',#948,.T.);
#950=DIRECTION('',(0.955402255,0.0,0.295307521));
#951=AXIS2_PLACEMENT_3D('',#828,#950,#35);
#952=PLANE('',#951);
#953=ADVANCED_FACE('',(#949),#952,.T.);
#954=ORIENTED_EDGE(*,*,#929,.F.);
#955=VECTOR('',#70,1.);
#956=LINE('',#900,#955);
#957=EDGE_CURVE('',#901,#919,#956,.T.);
#958=ORIENTED_EDGE(*,*,#957,.F.);
#959=ORIENTED_EDGE(*,*,#905,.F.);
#960=ORIENTED_EDGE(*,*,#944,.T.);
#961=EDGE_LOOP('',(#954,#958,#959,#960));
#962=FACE_OUTER_BOUND('',#961,.T.);
#963=DIRECTION('',(-0.352540041,0.0,0.93579673));
#964=AXIS2_PLACEMENT_3D('',#924,#963,#70);
#965=PLANE('',#964);
#966=ADVANCED_FACE('',(#962),#965,.T.);
#967=ORIENTED_EDGE(*,*,#922,.F.);
#968=ORIENTED_EDGE(*,*,#861,.F.);
#969=ORIENTED_EDGE(*,*,#910,.T.);
#970=ORIENTED_EDGE(*,*,#957,.T.);
#971=EDGE_LOOP('',(#967,#968,#969,#970));
#972=FACE_OUTER_BOUND('',#971,.T.);
#973=DIRECTION('',(-0.958819735,0.0,-0.284015345));
#974=AXIS2_PLACEMENT_3D('',#918,#973,#70);
#975=PLANE('',#974);
#976=ADVANCED_FACE('',(#972),#975,.T.);
#977=ORIENTED_EDGE(*,*,#833,.T.);
#978=ORIENTED_EDGE(*,*,#848,.F.);
#979=ORIENTED_EDGE(*,*,#809,.T.);
#980=ORIENTED_EDGE(*,*,#861,.T.);
#981=EDGE_LOOP('',(#977,#978,#979,#980));
#982=FACE_OUTER_BOUND('',#981,.T.);
#983=DIRECTION('',(0.178340899,0.0,-0.983968762));
#984=AXIS2_PLACEMENT_3D('',#822,#983,#35);
#985=PLANE('',#984);
#986=ADVANCED_FACE('',(#982),#985,.T.);
#987=CLOSED_SHELL('',(#917,#940,#953,#966,#976,#986));
#988=MANIFOLD_SOLID_BREP('winding1_sector10',#987);
#989=CARTESIAN_POINT('',(10.064046815,-6.5,19.763348903));
#990=VERTEX_POINT('',#989);
#991=DIRECTION('',(-0.47732482,0.0,0.878726929));
#992=VECTOR('',#991,1.);
#993=LINE('',#893,#992);
#994=EDGE_CURVE('',#894,#990,#993,.T.);
#995=ORIENTED_EDGE(*,*,#994,.T.);
#996=CARTESIAN_POINT('',(3.857884613,-6.5,16.005339561));
#997=VERTEX_POINT('',#996);
#998=DIRECTION('',(-0.855399442,0.0,-0.517968913));
#999=VECTOR('',#998,1.);
#1000=LINE('',#989,#999);
#1001=EDGE_CURVE('',#990,#997,#1000,.T.);
#1002=ORIENTED_EDGE(*,*,#1001,.T.);
#1003=DIRECTION('',(-0.461748613,0.0,0.887010833));
#1004=VECTOR('',#1003,1.);
#1005=LINE('',#900,#1004);
#1006=EDGE_CURVE('',#901,#997,#1005,.T.);
#1007=ORIENTED_EDGE(*,*,#1006,.F.);
#1008=ORIENTED_EDGE(*,*,#905,.F.);
#1009=EDGE_LOOP('',(#995,#1002,#1007,#1008));
#1010=FACE_OUTER_BOUND('',#1009,.T.);
#1011=AXIS2_PLACEMENT_3D('',#893,#35,#36);
#1012=PLANE('',#1011);
#1013=ADVANCED_FACE('',(#1010),#1012,.T.);
#1014=CARTESIAN_POINT('',(3.857884613,6.5,16.005339561));
#1015=VERTEX_POINT('',#1014);
#1016=VECTOR('',#1003,1.);
#1017=LINE('',#918,#1016);
#1018=EDGE_CURVE('',#919,#1015,#1017,.T.);
#1019=ORIENTED_EDGE(*,*,#1018,.T.);
#1020=CARTESIAN_POINT('',(10.064046815,6.5,19.763348903));
#1021=VERTEX_POINT('',#1020);
#1022=DIRECTION('',(0.855399442,0.0,0.517968913));
#1023=VECTOR('',#1022,1.);
#1024=LINE('',#1014,#1023);
#1025=EDGE_CURVE('',#1015,#1021,#1024,.T.);
#1026=ORIENTED_EDGE(*,*,#1025,.T.);
#1027=VECTOR('',#991,1.);
#1028=LINE('',#924,#1027);
#1029=EDGE_CURVE('',#925,#1021,#1028,.T.);
#1030=ORIENTED_EDGE(*,*,#1029,.F.);
#1031=ORIENTED_EDGE(*,*,#929,.F.);
#1032=EDGE_LOOP('',(#1019,#1026,#1030,#1031));
#1033=FACE_OUTER_BOUND('',#1032,.T.);
#1034=AXIS2_PLACEMENT_3D('',#918,#70,#3);
#1035=PLANE('',#1034);
#1036=ADVANCED_FACE('',(#1033),#1035,.T.);
#1037=ORIENTED_EDGE(*,*,#1029,.T.);
#1038=VECTOR('',#70,1.);
#1039=LINE('',#989,#1038);
#1040=EDGE_CURVE('',#990,#1021,#1039,.T.);
#1041=ORIENTED_EDGE(*,*,#1040,.F.);
#1042=ORIENTED_EDGE(*,*,#994,.F.);
#1043=ORIENTED_EDGE(*,*,#944,.T.);
#1044=EDGE_LOOP('',(#1037,#1041,#1042,#1043));
#1045=FACE_OUTER_BOUND('',#1044,.T.);
#1046=DIRECTION('',(0.878726929,0.0,0.47732482));
#1047=AXIS2_PLACEMENT_3D('',#924,#1046,#35);
#1048=PLANE('',#1047);
#1049=ADVANCED_FACE('',(#1045),#1048,.T.);
#1050=ORIENTED_EDGE(*,*,#1025,.F.);
#1051=VECTOR('',#70,1.);
#1052=LINE('',#996,#1051);
#1053=EDGE_CURVE('',#997,#1015,#1052,.T.);
#1054=ORIENTED_EDGE(*,*,#1053,.F.);
#1055=ORIENTED_EDGE(*,*,#1001,.F.);
#1056=ORIENTED_EDGE(*,*,#1040,.T.);
#1057=EDGE_LOOP('',(#1050,#1054,#1055,#1056));
#1058=FACE_OUTER_BOUND('',#1057,.T.);
#1059=DIRECTION('',(-0.517968913,0.0,0.855399442));
#1060=AXIS2_PLACEMENT_3D('',#1020,#1059,#70);
#1061=PLANE('',#1060);
#1062=ADVANCED_FACE('',(#1058),#1061,.T.);
#1063=ORIENTED_EDGE(*,*,#1018,.F.);
#1064=ORIENTED_EDGE(*,*,#957,.F.);
#1065=ORIENTED_EDGE(*,*,#1006,.T.);
#1066=ORIENTED_EDGE(*,*,#1053,.T.);
#1067=EDGE_LOOP('',(#1063,#1064,#1065,#1066));
#1068=FACE_OUTER_BOUND('',#1067,.T.);
#1069=DIRECTION('',(-0.887010833,0.0,-0.461748613));
#1070=AXIS2_PLACEMENT_3D('',#1014,#1069,#70);
#1071=PLANE('',#1070);
#1072=ADVANCED_FACE('',(#1068),#1071,.T.);
#1073=ORIENTED_EDGE(*,*,#929,.T.);
#1074=ORIENTED_EDGE(*,*,#944,.F.);
#1075=ORIENTED_EDGE(*,*,#905,.T.);
#1076=ORIENTED_EDGE(*,*,#957,.T.);
#1077=EDGE_LOOP('',(#1073,#1074,#1075,#1076));
#1078=FACE_OUTER_BOUND('',#1077,.T.);
#1079=DIRECTION('',(0.352540041,0.0,-0.93579673));
#1080=AXIS2_PLACEMENT_3D('',#918,#1079,#35);
#1081=PLANE('',#1080);
#1082=ADVANCED_FACE('',(#1078),#1081,.T.);
#1083=CLOSED_SHELL('',(#1013,#1036,#1049,#1062,#1072,#1082));
#1084=MANIFOLD_SOLID_BREP('winding1_sector11',#1083);
#1085=CARTESIAN_POINT('',(8.632077604,-6.5,21.48857126));
#1086=VERTEX_POINT('',#1085);
#1087=DIRECTION('',(-0.638678575,0.0,0.769473637));
#1088=VECTOR('',#1087,1.);
#1089=LINE('',#989,#1088);
#1090=EDGE_CURVE('',#990,#1086,#1089,.T.);
#1091=ORIENTED_EDGE(*,*,#1090,.T.);
#1092=CARTESIAN_POINT('',(3.308963082,-6.5,16.695428504));
#1093=VERTEX_POINT('',#1092);
#1094=DIRECTION('',(-0.743131711,0.0,-0.669145171));
#1095=VECTOR('',#1094,1.);
#1096=LINE('',#1085,#1095);
#1097=EDGE_CURVE('',#1086,#1093,#1096,.T.);
#1098=ORIENTED_EDGE(*,*,#1097,.T.);
#1099=DIRECTION('',(-0.622514637,0.0,0.782608157));
#1100=VECTOR('',#1099,1.);
#1101=LINE('',#996,#1100);
#1102=EDGE_CURVE('',#997,#1093,#1101,.T.);
#1103=ORIENTED_EDGE(*,*,#1102,.F.);
#1104=ORIENTED_EDGE(*,*,#1001,.F.);
#1105=EDGE_LOOP('',(#1091,#1098,#1103,#1104));
#1106=FACE_OUTER_BOUND('',#1105,.T.);
#1107=AXIS2_PLACEMENT_3D('',#989,#35,#36);
#1108=PLANE('',#1107);
#1109=ADVANCED_FACE('',(#1106),#1108,.T.);
#1110=CARTESIAN_POINT('',(3.308963082,6.5,16.695428504));
#1111=VERTEX_POINT('',#1110);
#1112=VECTOR('',#1099,1.);
#1113=LINE('',#1014,#1112);
#1114=EDGE_CURVE('',#1015,#1111,#1113,.T.);
#1115=ORIENTED_EDGE(*,*,#1114,.T.);
#1116=CARTESIAN_POINT('',(8.632077604,6.5,21.48857126));
#1117=VERTEX_POINT('',#1116);
#1118=DIRECTION('',(0.743131711,0.0,0.669145171));
#1119=VECTOR('',#1118,1.);
#1120=LINE('',#1110,#1119);
#1121=EDGE_CURVE('',#1111,#1117,#1120,.T.);
#1122=ORIENTED_EDGE(*,*,#1121,.T.);
#1123=VECTOR('',#1087,1.);
#1124=LINE('',#1020,#1123);
#1125=EDGE_CURVE('',#1021,#1117,#1124,.T.);
#1126=ORIENTED_EDGE(*,*,#1125,.F.);
#1127=ORIENTED_EDGE(*,*,#1025,.F.);
#1128=EDGE_LOOP('',(#1115,#1122,#1126,#1127));
#1129=FACE_OUTER_BOUND('',#1128,.T.);
#1130=AXIS2_PLACEMENT_3D('',#1014,#70,#3);
#1131=PLANE('',#1130);
#1132=ADVANCED_FACE('',(#1129),#1131,.T.);
#1133=ORIENTED_EDGE(*,*,#1125,.T.);
#1134=VECTOR('',#70,1.);
#1135=LINE('',#1085,#1134);
#1136=EDGE_CURVE('',#1086,#1117,#1135,.T.);
#1137=ORIENTED_EDGE(*,*,#1136,.F.);
#1138=ORIENTED_EDGE(*,*,#1090,.F.);
#1139=ORIENTED_EDGE(*,*,#1040,.T.);
#1140=EDGE_LOOP('',(#1133,#1137,#1138,#1139));
#1141=FACE_OUTER_BOUND('',#1140,.T.);
#1142=DIRECTION('',(0.769473637,0.0,0.638678575));
#1143=AXIS2_PLACEMENT_3D('',#1020,#1142,#35);
#1144=PLANE('',#1143);
#1145=ADVANCED_FACE('',(#1141),#1144,.T.);
#1146=ORIENTED_EDGE(*,*,#1121,.F.);
#1147=VECTOR('',#70,1.);
#1148=LINE('',#1092,#1147);
#1149=EDGE_CURVE('',#1093,#1111,#1148,.T.);
#1150=ORIENTED_EDGE(*,*,#1149,.F.);
#1151=ORIENTED_EDGE(*,*,#1097,.F.);
#1152=ORIENTED_EDGE(*,*,#1136,.T.);
#1153=EDGE_LOOP('',(#1146,#1150,#1151,#1152));
#1154=FACE_OUTER_BOUND('',#1153,.T.);
#1155=DIRECTION('',(-0.669145171,0.0,0.743131711));
#1156=AXIS2_PLACEMENT_3D('',#1116,#1155,#70);
#1157=PLANE('',#1156);
#1158=ADVANCED_FACE('',(#1154),#1157,.T.);
#1159=ORIENTED_EDGE(*,*,#1114,.F.);
#1160=ORIENTED_EDGE(*,*,#1053,.F.);
#1161=ORIENTED_EDGE(*,*,#1102,.T.);
#1162=ORIENTED_EDGE(*,*,#1149,.T.);
#1163=EDGE_LOOP('',(#1159,#1160,#1161,#1162));
#1164=FACE_OUTER_BOUND('',#1163,.T.);
#1165=DIRECTION('',(-0.782608157,0.0,-0.622514637));
#1166=AXIS2_PLACEMENT_3D('',#1110,#1165,#70);
#1167=PLANE('',#1166);
#1168=ADVANCED_FACE('',(#1164),#1167,.T.);
#1169=ORIENTED_EDGE(*,*,#1025,.T.);
#1170=ORIENTED_EDGE(*,*,#1040,.F.);
#1171=ORIENTED_EDGE(*,*,#1001,.T.);
#1172=ORIENTED_EDGE(*,*,#1053,.T.);
#1173=EDGE_LOOP('',(#1169,#1170,#1171,#1172));
#1174=FACE_OUTER_BOUND('',#1173,.T.);
#1175=DIRECTION('',(0.517968913,0.0,-0.855399442));
#1176=AXIS2_PLACEMENT_3D('',#1014,#1175,#35);
#1177=PLANE('',#1176);
#1178=ADVANCED_FACE('',(#1174),#1177,.T.);
#1179=CLOSED_SHELL('',(#1109,#1132,#1145,#1158,#1168,#1178));
#1180=MANIFOLD_SOLID_BREP('winding1_sector12',#1179);
#1181=CARTESIAN_POINT('',(6.882917236,-6.5,22.920248509));
#1182=VERTEX_POINT('',#1181);
#1183=DIRECTION('',(-0.773838892,0.0,0.633382483));
#1184=VECTOR('',#1183,1.);
#1185=LINE('',#1085,#1184);
#1186=EDGE_CURVE('',#1086,#1182,#1185,.T.);
#1187=ORIENTED_EDGE(*,*,#1186,.T.);
#1188=CARTESIAN_POINT('',(2.638451607,-6.5,17.268099404));
#1189=VERTEX_POINT('',#1188);
#1190=DIRECTION('',(-0.600484643,0.0,-0.799636288));
#1191=VECTOR('',#1190,1.);
#1192=LINE('',#1181,#1191);
#1193=EDGE_CURVE('',#1182,#1189,#1192,.T.);
#1194=ORIENTED_EDGE(*,*,#1193,.T.);
#1195=DIRECTION('',(-0.760405966,0.0,0.649448048));
#1196=VECTOR('',#1195,1.);
#1197=LINE('',#1092,#1196);
#1198=EDGE_CURVE('',#1093,#1189,#1197,.T.);
#1199=ORIENTED_EDGE(*,*,#1198,.F.);
#1200=ORIENTED_EDGE(*,*,#1097,.F.);
#1201=EDGE_LOOP('',(#1187,#1194,#1199,#1200));
#1202=FACE_OUTER_BOUND('',#1201,.T.);
#1203=AXIS2_PLACEMENT_3D('',#1085,#35,#36);
#1204=PLANE('',#1203);
#1205=ADVANCED_FACE('',(#1202),#1204,.T.);
#1206=CARTESIAN_POINT('',(2.638451607,6.5,17.268099404));
#1207=VERTEX_POINT('',#1206);
#1208=VECTOR('',#1195,1.);
#1209=LINE('',#1110,#1208);
#1210=EDGE_CURVE('',#1111,#1207,#1209,.T.);
#1211=ORIENTED_EDGE(*,*,#1210,.T.);
#1212=CARTESIAN_POINT('',(6.882917236,6.5,22.920248509));
#1213=VERTEX_POINT('',#1212);
#1214=DIRECTION('',(0.600484643,0.0,0.799636288));
#1215=VECTOR('',#1214,1.);
#1216=LINE('',#1206,#1215);
#1217=EDGE_CURVE('',#1207,#1213,#1216,.T.);
#1218=ORIENTED_EDGE(*,*,#1217,.T.);
#1219=VECTOR('',#1183,1.);
#1220=LINE('',#1116,#1219);
#1221=EDGE_CURVE('',#1117,#1213,#1220,.T.);
#1222=ORIENTED_EDGE(*,*,#1221,.F.);
#1223=ORIENTED_EDGE(*,*,#1121,.F.);
#1224=EDGE_LOOP('',(#1211,#1218,#1222,#1223));
#1225=FACE_OUTER_BOUND('',#1224,.T.);
#1226=AXIS2_PLACEMENT_3D('',#1110,#70,#3);
#1227=PLANE('',#1226);
#1228=ADVANCED_FACE('',(#1225),#1227,.T.);
#1229=ORIENTED_EDGE(*,*,#1221,.T.);
#1230=VECTOR('',#70,1.);
#1231=LINE('',#1181,#1230);
#1232=EDGE_CURVE('',#1182,#1213,#1231,.T.);
#1233=ORIENTED_EDGE(*,*,#1232,.F.);
#1234=ORIENTED_EDGE(*,*,#1186,.F.);
#1235=ORIENTED_EDGE(*,*,#1136,.T.);
#1236=EDGE_LOOP('',(#1229,#1233,#1234,#1235));
#1237=FACE_OUTER_BOUND('',#1236,.T.);
#1238=DIRECTION('',(0.633382483,0.0,0.773838892));
#1239=AXIS2_PLACEMENT_3D('',#1116,#1238,#35);
#1240=PLANE('',#1239);
#1241=ADVANCED_FACE('',(#1237),#1240,.T.);
#1242=ORIENTED_EDGE(*,*,#1217,.F.);
#1243=VECTOR('',#70,1.);
#1244=LINE('',#1188,#1243);
#1245=EDGE_CURVE('',#1189,#1207,#1244,.T.);
#1246=ORIENTED_EDGE(*,*,#1245,.F.);
#1247=ORIENTED_EDGE(*,*,#1193,.F.);
#1248=ORIENTED_EDGE(*,*,#1232,.T.);
#1249=EDGE_LOOP('',(#1242,#1246,#1247,#1248));
#1250=FACE_OUTER_BOUND('',#1249,.T.);
#1251=DIRECTION('',(-0.799636288,0.0,0.600484643));
#1252=AXIS2_PLACEMENT_3D('',#1212,#1251,#70);
#1253=PLANE('',#1252);
#1254=ADVANCED_FACE('',(#1250),#1253,.T.);
#1255=ORIENTED_EDGE(*,*,#1210,.F.);
#1256=ORIENTED_EDGE(*,*,#1149,.F.);
#1257=ORIENTED_EDGE(*,*,#1198,.T.);
#1258=ORIENTED_EDGE(*,*,#1245,.T.);
#1259=EDGE_LOOP('',(#1255,#1256,#1257,#1258));
#1260=FACE_OUTER_BOUND('',#1259,.T.);
#1261=DIRECTION('',(-0.649448048,0.0,-0.760405966));
#1262=AXIS2_PLACEMENT_3D('',#1206,#1261,#70);
#1263=PLANE('',#1262);
#1264=ADVANCED_FACE('',(#1260),#1263,.T.);
#1265=ORIENTED_EDGE(*,*,#1121,.T.);
#1266=ORIENTED_EDGE(*,*,#1136,.F.);
#1267=ORIENTED_EDGE(*,*,#1097,.T.);
#1268=ORIENTED_EDGE(*,*,#1149,.T.);
#1269=EDGE_LOOP('',(#1265,#1266,#1267,#1268));
#1270=FACE_OUTER_BOUND('',#1269,.T.);
#1271=DIRECTION('',(0.669145171,0.0,-0.743131711));
#1272=AXIS2_PLACEMENT_3D('',#1110,#1271,#35);
#1273=PLANE('',#1272);
#1274=ADVANCED_FACE('',(#1270),#1273,.T.);
#1275=CLOSED_SHELL('',(#1205,#1228,#1241,#1254,#1264,#1274));
#1276=MANIFOLD_SOLID_BREP('winding1_sector13',#1275);
#1277=CARTESIAN_POINT('',(4.880839717,-6.5,24.005772763));
#1278=VERTEX_POINT('',#1277);
#1279=DIRECTION('',(-0.879095941,0.0,0.476644863));
#1280=VECTOR('',#1279,1.);
#1281=LINE('',#1181,#1280);
#1282=EDGE_CURVE('',#1182,#1278,#1281,.T.);
#1283=ORIENTED_EDGE(*,*,#1282,.T.);
#1284=CARTESIAN_POINT('',(1.870988558,-6.5,17.702309105));
#1285=VERTEX_POINT('',#1284);
#1286=DIRECTION('',(-0.430890472,0.0,-0.902404234));
#1287=VECTOR('',#1286,1.);
#1288=LINE('',#1277,#1287);
#1289=EDGE_CURVE('',#1278,#1285,#1288,.T.);
#1290=ORIENTED_EDGE(*,*,#1289,.T.);
#1291=DIRECTION('',(-0.870355696,0.0,0.49242356));
#1292=VECTOR('',#1291,1.);
#1293=LINE('',#1188,#1292);
#1294=EDGE_CURVE('',#1189,#1285,#1293,.T.);
#1295=ORIENTED_EDGE(*,*,#1294,.F.);
#1296=ORIENTED_EDGE(*,*,#1193,.F.);
#1297=EDGE_LOOP('',(#1283,#1290,#1295,#1296));
#1298=FACE_OUTER_BOUND('',#1297,.T.);
#1299=AXIS2_PLACEMENT_3D('',#1181,#35,#36);
#1300=PLANE('',#1299);
#1301=ADVANCED_FACE('',(#1298),#1300,.T.);
#1302=CARTESIAN_POINT('',(1.870988558,6.5,17.702309105));
#1303=VERTEX_POINT('',#1302);
#1304=VECTOR('',#1291,1.);
#1305=LINE('',#1206,#1304);
#1306=EDGE_CURVE('',#1207,#1303,#1305,.T.);
#1307=ORIENTED_EDGE(*,*,#1306,.T.);
#1308=CARTESIAN_POINT('',(4.880839717,6.5,24.005772763));
#1309=VERTEX_POINT('',#1308);
#1310=DIRECTION('',(0.430890472,0.0,0.902404234));
#1311=VECTOR('',#1310,1.);
#1312=LINE('',#1302,#1311);
#1313=EDGE_CURVE('',#1303,#1309,#1312,.T.);
#1314=ORIENTED_EDGE(*,*,#1313,.T.);
#1315=VECTOR('',#1279,1.);
#1316=LINE('',#1212,#1315);
#1317=EDGE_CURVE('',#1213,#1309,#1316,.T.);
#1318=ORIENTED_EDGE(*,*,#1317,.F.);
#1319=ORIENTED_EDGE(*,*,#1217,.F.);
#1320=EDGE_LOOP('',(#1307,#1314,#1318,#1319));
#1321=FACE_OUTER_BOUND('',#1320,.T.);
#1322=AXIS2_PLACEMENT_3D('',#1206,#70,#3);
#1323=PLANE('',#1322);
#1324=ADVANCED_FACE('',(#1321),#1323,.T.);
#1325=ORIENTED_EDGE(*,*,#1317,.T.);
#1326=VECTOR('',#70,1.);
#1327=LINE('',#1277,#1326);
#1328=EDGE_CURVE('',#1278,#1309,#1327,.T.);
#1329=ORIENTED_EDGE(*,*,#1328,.F.);
#1330=ORIENTED_EDGE(*,*,#1282,.F.);
#1331=ORIENTED_EDGE(*,*,#1232,.T.);
#1332=EDGE_LOOP('',(#1325,#1329,#1330,#1331));
#1333=FACE_OUTER_BOUND('',#1332,.T.);
#1334=DIRECTION('',(0.476644863,0.0,0.879095941));
#1335=AXIS2_PLACEMENT_3D('',#1212,#1334,#70);
#1336=PLANE('',#1335);
#1337=ADVANCED_FACE('',(#1333),#1336,.T.);
#1338=ORIENTED_EDGE(*,*,#1313,.F.);
#1339=VECTOR('',#70,1.);
#1340=LINE('',#1284,#1339);
#1341=EDGE_CURVE('',#1285,#1303,#1340,.T.);
#1342=ORIENTED_EDGE(*,*,#1341,.F.);
#1343=ORIENTED_EDGE(*,*,#1289,.F.);
#1344=ORIENTED_EDGE(*,*,#1328,.T.);
#1345=EDGE_LOOP('',(#1338,#1342,#1343,#1344));
#1346=FACE_OUTER_BOUND('',#1345,.T.);
#1347=DIRECTION('',(-0.902404234,0.0,0.430890472));
#1348=AXIS2_PLACEMENT_3D('',#1308,#1347,#70);
#1349=PLANE('',#1348);
#1350=ADVANCED_FACE('',(#1346),#1349,.T.);
#1351=ORIENTED_EDGE(*,*,#1306,.F.);
#1352=ORIENTED_EDGE(*,*,#1245,.F.);
#1353=ORIENTED_EDGE(*,*,#1294,.T.);
#1354=ORIENTED_EDGE(*,*,#1341,.T.);
#1355=EDGE_LOOP('',(#1351,#1352,#1353,#1354));
#1356=FACE_OUTER_BOUND('',#1355,.T.);
#1357=DIRECTION('',(-0.49242356,0.0,-0.870355696));
#1358=AXIS2_PLACEMENT_3D('',#1302,#1357,#35);
#1359=PLANE('',#1358);
#1360=ADVANCED_FACE('',(#1356),#1359,.T.);
#1361=ORIENTED_EDGE(*,*,#1217,.T.);
#1362=ORIENTED_EDGE(*,*,#1232,.F.);
#1363=ORIENTED_EDGE(*,*,#1193,.T.);
#1364=ORIENTED_EDGE(*,*,#1245,.T.);
#1365=EDGE_LOOP('',(#1361,#1362,#1363,#1364));
#1366=FACE_OUTER_BOUND('',#1365,.T.);
#1367=DIRECTION('',(0.799636288,0.0,-0.600484643));
#1368=AXIS2_PLACEMENT_3D('',#1206,#1367,#35);
#1369=PLANE('',#1368);
#1370=ADVANCED_FACE('',(#1366),#1369,.T.);
#1371=CLOSED_SHELL('',(#1301,#1324,#1337,#1350,#1360,#1370));
#1372=MANIFOLD_SOLID_BREP('winding1_sector14',#1371);
#1373=CARTESIAN_POINT('',(2.699412652,-6.5,24.705255745));
#1374=VERTEX_POINT('',#1373);
#1375=DIRECTION('',(-0.952243248,0.0,0.305340461));
#1376=VECTOR('',#1375,1.);
#1377=LINE('',#1277,#1376);
#1378=EDGE_CURVE('',#1278,#1374,#1377,.T.);
#1379=ORIENTED_EDGE(*,*,#1378,.T.);
#1380=CARTESIAN_POINT('',(1.03477485,-6.5,17.982102298));
#1381=VERTEX_POINT('',#1380);
#1382=DIRECTION('',(-0.240340353,0.0,-0.970688681));
#1383=VECTOR('',#1382,1.);
#1384=LINE('',#1373,#1383);
#1385=EDGE_CURVE('',#1374,#1381,#1384,.T.);
#1386=ORIENTED_EDGE(*,*,#1385,.T.);
#1387=DIRECTION('',(-0.948323655,0.0,0.317304656));
#1388=VECTOR('',#1387,1.);
#1389=LINE('',#1284,#1388);
#1390=EDGE_CURVE('',#1285,#1381,#1389,.T.);
#1391=ORIENTED_EDGE(*,*,#1390,.F.);
#1392=ORIENTED_EDGE(*,*,#1289,.F.);
#1393=EDGE_LOOP('',(#1379,#1386,#1391,#1392));
#1394=FACE_OUTER_BOUND('',#1393,.T.);
#1395=AXIS2_PLACEMENT_3D('',#1277,#35,#36);
#1396=PLANE('',#1395);
#1397=ADVANCED_FACE('',(#1394),#1396,.T.);
#1398=CARTESIAN_POINT('',(1.03477485,6.5,17.982102298));
#1399=VERTEX_POINT('',#1398);
#1400=VECTOR('',#1387,1.);
#1401=LINE('',#1302,#1400);
#1402=EDGE_CURVE('',#1303,#1399,#1401,.T.);
#1403=ORIENTED_EDGE(*,*,#1402,.T.);
#1404=CARTESIAN_POINT('',(2.699412652,6.5,24.705255745));
#1405=VERTEX_POINT('',#1404);
#1406=DIRECTION('',(0.240340353,0.0,0.970688681));
#1407=VECTOR('',#1406,1.);
#1408=LINE('',#1398,#1407);
#1409=EDGE_CURVE('',#1399,#1405,#1408,.T.);
#1410=ORIENTED_EDGE(*,*,#1409,.T.);
#1411=VECTOR('',#1375,1.);
#1412=LINE('',#1308,#1411);
#1413=EDGE_CURVE('',#1309,#1405,#1412,.T.);
#1414=ORIENTED_EDGE(*,*,#1413,.F.);
#1415=ORIENTED_EDGE(*,*,#1313,.F.);
#1416=EDGE_LOOP('',(#1403,#1410,#1414,#1415));
#1417=FACE_OUTER_BOUND('',#1416,.T.);
#1418=AXIS2_PLACEMENT_3D('',#1302,#70,#3);
#1419=PLANE('',#1418);
#1420=ADVANCED_FACE('',(#1417),#1419,.T.);
#1421=ORIENTED_EDGE(*,*,#1413,.T.);
#1422=VECTOR('',#70,1.);
#1423=LINE('',#1373,#1422);
#1424=EDGE_CURVE('',#1374,#1405,#1423,.T.);
#1425=ORIENTED_EDGE(*,*,#1424,.F.);
#1426=ORIENTED_EDGE(*,*,#1378,.F.);
#1427=ORIENTED_EDGE(*,*,#1328,.T.);
#1428=EDGE_LOOP('',(#1421,#1425,#1426,#1427));
#1429=FACE_OUTER_BOUND('',#1428,.T.);
#1430=DIRECTION('',(0.305340461,0.0,0.952243248));
#1431=AXIS2_PLACEMENT_3D('',#1308,#1430,#70);
#1432=PLANE('',#1431);
#1433=ADVANCED_FACE('',(#1429),#1432,.T.);
#1434=ORIENTED_EDGE(*,*,#1409,.F.);
#1435=VECTOR('',#70,1.);
#1436=LINE('',#1380,#1435);
#1437=EDGE_CURVE('',#1381,#1399,#1436,.T.);
#1438=ORIENTED_EDGE(*,*,#1437,.F.);
#1439=ORIENTED_EDGE(*,*,#1385,.F.);
#1440=ORIENTED_EDGE(*,*,#1424,.T.);
#1441=EDGE_LOOP('',(#1434,#1438,#1439,#1440));
#1442=FACE_OUTER_BOUND('',#1441,.T.);
#1443=DIRECTION('',(-0.970688681,0.0,0.240340353));
#1444=AXIS2_PLACEMENT_3D('',#1404,#1443,#70);
#1445=PLANE('',#1444);
#1446=ADVANCED_FACE('',(#1442),#1445,.T.);
#1447=ORIENTED_EDGE(*,*,#1402,.F.);
#1448=ORIENTED_EDGE(*,*,#1341,.F.);
#1449=ORIENTED_EDGE(*,*,#1390,.T.);
#1450=ORIENTED_EDGE(*,*,#1437,.T.);
#1451=EDGE_LOOP('',(#1447,#1448,#1449,#1450));
#1452=FACE_OUTER_BOUND('',#1451,.T.);
#1453=DIRECTION('',(-0.317304656,0.0,-0.948323655));
#1454=AXIS2_PLACEMENT_3D('',#1398,#1453,#35);
#1455=PLANE('',#1454);
#1456=ADVANCED_FACE('',(#1452),#1455,.T.);
#1457=ORIENTED_EDGE(*,*,#1313,.T.);
#1458=ORIENTED_EDGE(*,*,#1328,.F.);
#1459=ORIENTED_EDGE(*,*,#1289,.T.);
#1460=ORIENTED_EDGE(*,*,#1341,.T.);
#1461=EDGE_LOOP('',(#1457,#1458,#1459,#1460));
#1462=FACE_OUTER_BOUND('',#1461,.T.);
#1463=DIRECTION('',(0.902404234,0.0,-0.430890472));
#1464=AXIS2_PLACEMENT_3D('',#1302,#1463,#35);
#1465=PLANE('',#1464);
#1466=ADVANCED_FACE('',(#1462),#1465,.T.);
#1467=CLOSED_SHELL('',(#1397,#1420,#1433,#1446,#1456,#1466));
#1468=MANIFOLD_SOLID_BREP('winding1_sector15',#1467);
#1469=CARTESIAN_POINT('',(0.41879396,-6.5,24.992994511));
#1470=VERTEX_POINT('',#1469);
#1471=DIRECTION('',(-0.992134724,0.0,0.125174639));
#1472=VECTOR('',#1471,1.);
#1473=LINE('',#1373,#1472);
#1474=EDGE_CURVE('',#1374,#1470,#1473,.T.);
#1475=ORIENTED_EDGE(*,*,#1474,.T.);
#1476=CARTESIAN_POINT('',(0.160537685,-6.5,18.097197804));
#1477=VERTEX_POINT('',#1476);
#1478=DIRECTION('',(-0.037425023,0.0,-0.999299438));
#1479=VECTOR('',#1478,1.);
#1480=LINE('',#1469,#1479);
#1481=EDGE_CURVE('',#1470,#1477,#1480,.T.);
#1482=ORIENTED_EDGE(*,*,#1481,.T.);
#1483=DIRECTION('',(-0.991444861,0.0,0.130526192));
#1484=VECTOR('',#1483,1.);
#1485=LINE('',#1380,#1484);
#1486=EDGE_CURVE('',#1381,#1477,#1485,.T.);
#1487=ORIENTED_EDGE(*,*,#1486,.F.);
#1488=ORIENTED_EDGE(*,*,#1385,.F.);
#1489=EDGE_LOOP('',(#1475,#1482,#1487,#1488));
#1490=FACE_OUTER_BOUND('',#1489,.T.);
#1491=AXIS2_PLACEMENT_3D('',#1373,#35,#36);
#1492=PLANE('',#1491);
#1493=ADVANCED_FACE('',(#1490),#1492,.T.);
#1494=CARTESIAN_POINT('',(0.160537685,6.5,18.097197804));
#1495=VERTEX_POINT('',#1494);
#1496=VECTOR('',#1483,1.);
#1497=LINE('',#1398,#1496);
#1498=EDGE_CURVE('',#1399,#1495,#1497,.T.);
#1499=ORIENTED_EDGE(*,*,#1498,.T.);
#1500=CARTESIAN_POINT('',(0.41879396,6.5,24.992994511));
#1501=VERTEX_POINT('',#1500);
#1502=DIRECTION('',(0.037425023,0.0,0.999299438));
#1503=VECTOR('',#1502,1.);
#1504=LINE('',#1494,#1503);
#1505=EDGE_CURVE('',#1495,#1501,#1504,.T.);
#1506=ORIENTED_EDGE(*,*,#1505,.T.);
#1507=VECTOR('',#1471,1.);
#1508=LINE('',#1404,#1507);
#1509=EDGE_CURVE('',#1405,#1501,#1508,.T.);
#1510=ORIENTED_EDGE(*,*,#1509,.F.);
#1511=ORIENTED_EDGE(*,*,#1409,.F.);
#1512=EDGE_LOOP('',(#1499,#1506,#1510,#1511));
#1513=FACE_OUTER_BOUND('',#1512,.T.);
#1514=AXIS2_PLACEMENT_3D('',#1398,#70,#3);
#1515=PLANE('',#1514);
#1516=ADVANCED_FACE('',(#1513),#1515,.T.);
#1517=ORIENTED_EDGE(*,*,#1509,.T.);
#1518=VECTOR('',#70,1.);
#1519=LINE('',#1469,#1518);
#1520=EDGE_CURVE('',#1470,#1501,#1519,.T.);
#1521=ORIENTED_EDGE(*,*,#1520,.F.);
#1522=ORIENTED_EDGE(*,*,#1474,.F.);
#1523=ORIENTED_EDGE(*,*,#1424,.T.);
#1524=EDGE_LOOP('',(#1517,#1521,#1522,#1523));
#1525=FACE_OUTER_BOUND('',#1524,.T.);
#1526=DIRECTION('',(0.125174639,0.0,0.992134724));
#1527=AXIS2_PLACEMENT_3D('',#1404,#1526,#70);
#1528=PLANE('',#1527);
#1529=ADVANCED_FACE('',(#1525),#1528,.T.);
#1530=ORIENTED_EDGE(*,*,#1505,.F.);
#1531=VECTOR('',#70,1.);
#1532=LINE('',#1476,#1531);
#1533=EDGE_CURVE('',#1477,#1495,#1532,.T.);
#1534=ORIENTED_EDGE(*,*,#1533,.F.);
#1535=ORIENTED_EDGE(*,*,#1481,.F.);
#1536=ORIENTED_EDGE(*,*,#1520,.T.);
#1537=EDGE_LOOP('',(#1530,#1534,#1535,#1536));
#1538=FACE_OUTER_BOUND('',#1537,.T.);
#1539=DIRECTION('',(-0.999299438,0.0,0.037425023));
#1540=AXIS2_PLACEMENT_3D('',#1500,#1539,#70);
#1541=PLANE('',#1540);
#1542=ADVANCED_FACE('',(#1538),#1541,.T.);
#1543=ORIENTED_EDGE(*,*,#1498,.F.);
#1544=ORIENTED_EDGE(*,*,#1437,.F.);
#1545=ORIENTED_EDGE(*,*,#1486,.T.);
#1546=ORIENTED_EDGE(*,*,#1533,.T.);
#1547=EDGE_LOOP('',(#1543,#1544,#1545,#1546));
#1548=FACE_OUTER_BOUND('',#1547,.T.);
#1549=DIRECTION('',(-0.130526192,0.0,-0.991444861));
#1550=AXIS2_PLACEMENT_3D('',#1494,#1549,#35);
#1551=PLANE('',#1550);
#1552=ADVANCED_FACE('',(#1548),#1551,.T.);
#1553=ORIENTED_EDGE(*,*,#1409,.T.);
#1554=ORIENTED_EDGE(*,*,#1424,.F.);
#1555=ORIENTED_EDGE(*,*,#1385,.T.);
#1556=ORIENTED_EDGE(*,*,#1437,.T.);
#1557=EDGE_LOOP('',(#1553,#1554,#1555,#1556));
#1558=FACE_OUTER_BOUND('',#1557,.T.);
#1559=DIRECTION('',(0.970688681,0.0,-0.240340353));
#1560=AXIS2_PLACEMENT_3D('',#1398,#1559,#35);
#1561=PLANE('',#1560);
#1562=ADVANCED_FACE('',(#1558),#1561,.T.);
#1563=CLOSED_SHELL('',(#1493,#1516,#1529,#1542,#1552,#1562));
#1564=MANIFOLD_SOLID_BREP('winding1_sector16',#1563);
#1565=CARTESIAN_POINT('',(-0.41879396,-6.5,24.992994511));
#1566=VERTEX_POINT('',#1565);
#1567=CARTESIAN_POINT('',(-2.699412652,-6.5,24.705255745));
#1568=VERTEX_POINT('',#1567);
#1569=VECTOR('',#58,1.);
#1570=LINE('',#1565,#1569);
#1571=EDGE_CURVE('',#1566,#1568,#1570,.T.);
#1572=ORIENTED_EDGE(*,*,#1571,.T.);
#1573=CARTESIAN_POINT('',(-1.03477485,-6.5,17.982102298));
#1574=VERTEX_POINT('',#1573);
#1575=VECTOR('',#51,1.);
#1576=LINE('',#1567,#1575);
#1577=EDGE_CURVE('',#1568,#1574,#1576,.T.);
#1578=ORIENTED_EDGE(*,*,#1577,.T.);
#1579=CARTESIAN_POINT('',(-0.160537685,-6.5,18.097197804));
#1580=VERTEX_POINT('',#1579);
#1581=VECTOR('',#44,1.);
#1582=LINE('',#1573,#1581);
#1583=EDGE_CURVE('',#1574,#1580,#1582,.T.);
#1584=ORIENTED_EDGE(*,*,#1583,.T.);
#1585=VECTOR('',#63,1.);
#1586=LINE('',#1565,#1585);
#1587=EDGE_CURVE('',#1566,#1580,#1586,.T.);
#1588=ORIENTED_EDGE(*,*,#1587,.F.);
#1589=EDGE_LOOP('',(#1572,#1578,#1584,#1588));
#1590=FACE_OUTER_BOUND('',#1589,.T.);
#1591=AXIS2_PLACEMENT_3D('',#1565,#35,#36);
#1592=PLANE('',#1591);
#1593=ADVANCED_FACE('',(#1590),#1592,.T.);
#1594=CARTESIAN_POINT('',(-0.160537685,6.5,18.097197804));
#1595=VERTEX_POINT('',#1594);
#1596=CARTESIAN_POINT('',(-1.03477485,6.5,17.982102298));
#1597=VERTEX_POINT('',#1596);
#1598=VECTOR('',#23,1.);
#1599=LINE('',#1594,#1598);
#1600=EDGE_CURVE('',#1595,#1597,#1599,.T.);
#1601=ORIENTED_EDGE(*,*,#1600,.T.);
#1602=CARTESIAN_POINT('',(-2.699412652,6.5,24.705255745));
#1603=VERTEX_POINT('',#1602);
#1604=VECTOR('',#16,1.);
#1605=LINE('',#1596,#1604);
#1606=EDGE_CURVE('',#1597,#1603,#1605,.T.);
#1607=ORIENTED_EDGE(*,*,#1606,.T.);
#1608=CARTESIAN_POINT('',(-0.41879396,6.5,24.992994511));
#1609=VERTEX_POINT('',#1608);
#1610=VECTOR('',#9,1.);
#1611=LINE('',#1602,#1610);
#1612=EDGE_CURVE('',#1603,#1609,#1611,.T.);
#1613=ORIENTED_EDGE(*,*,#1612,.T.);
#1614=VECTOR('',#28,1.);
#1615=LINE('',#1594,#1614);
#1616=EDGE_CURVE('',#1595,#1609,#1615,.T.);
#1617=ORIENTED_EDGE(*,*,#1616,.F.);
#1618=EDGE_LOOP('',(#1601,#1607,#1613,#1617));
#1619=FACE_OUTER_BOUND('',#1618,.T.);
#1620=AXIS2_PLACEMENT_3D('',#1594,#70,#3);
#1621=PLANE('',#1620);
#1622=ADVANCED_FACE('',(#1619),#1621,.T.);
#1623=ORIENTED_EDGE(*,*,#1612,.F.);
#1624=VECTOR('',#70,1.);
#1625=LINE('',#1567,#1624);
#1626=EDGE_CURVE('',#1568,#1603,#1625,.T.);
#1627=ORIENTED_EDGE(*,*,#1626,.F.);
#1628=ORIENTED_EDGE(*,*,#1571,.F.);
#1629=VECTOR('',#70,1.);
#1630=LINE('',#1565,#1629);
#1631=EDGE_CURVE('',#1566,#1609,#1630,.T.);
#1632=ORIENTED_EDGE(*,*,#1631,.T.);
#1633=EDGE_LOOP('',(#1623,#1627,#1628,#1632));
#1634=FACE_OUTER_BOUND('',#1633,.T.);
#1635=DIRECTION('',(-0.125174639,0.0,0.992134724));
#1636=AXIS2_PLACEMENT_3D('',#1608,#1635,#70);
#1637=PLANE('',#1636);
#1638=ADVANCED_FACE('',(#1634),#1637,.T.);
#1639=ORIENTED_EDGE(*,*,#1606,.F.);
#1640=VECTOR('',#70,1.);
#1641=LINE('',#1573,#1640);
#1642=EDGE_CURVE('',#1574,#1597,#1641,.T.);
#1643=ORIENTED_EDGE(*,*,#1642,.F.);
#1644=ORIENTED_EDGE(*,*,#1577,.F.);
#1645=ORIENTED_EDGE(*,*,#1626,.T.);
#1646=EDGE_LOOP('',(#1639,#1643,#1644,#1645));
#1647=FACE_OUTER_BOUND('',#1646,.T.);
#1648=AXIS2_PLACEMENT_3D('',#1602,#218,#70);
#1649=PLANE('',#1648);
#1650=ADVANCED_FACE('',(#1647),#1649,.T.);
#1651=ORIENTED_EDGE(*,*,#1600,.F.);
#1652=VECTOR('',#70,1.);
#1653=LINE('',#1579,#1652);
#1654=EDGE_CURVE('',#1580,#1595,#1653,.T.);
#1655=ORIENTED_EDGE(*,*,#1654,.F.);
#1656=ORIENTED_EDGE(*,*,#1583,.F.);
#1657=ORIENTED_EDGE(*,*,#1642,.T.);
#1658=EDGE_LOOP('',(#1651,#1655,#1656,#1657));
#1659=FACE_OUTER_BOUND('',#1658,.T.);
#1660=DIRECTION('',(0.130526192,0.0,-0.991444861));
#1661=AXIS2_PLACEMENT_3D('',#1596,#1660,#35);
#1662=PLANE('',#1661);
#1663=ADVANCED_FACE('',(#1659),#1662,.T.);
#1664=ORIENTED_EDGE(*,*,#1616,.T.);
#1665=ORIENTED_EDGE(*,*,#1631,.F.);
#1666=ORIENTED_EDGE(*,*,#1587,.T.);
#1667=ORIENTED_EDGE(*,*,#1654,.T.);
#1668=EDGE_LOOP('',(#1664,#1665,#1666,#1667));
#1669=FACE_OUTER_BOUND('',#1668,.T.);
#1670=DIRECTION('',(0.999299438,0.0,0.037425023));
#1671=AXIS2_PLACEMENT_3D('',#1594,#1670,#35);
#1672=PLANE('',#1671);
#1673=ADVANCED_FACE('',(#1669),#1672,.T.);
#1674=CLOSED_SHELL('',(#1593,#1622,#1638,#1650,#1663,#1673));
#1675=MANIFOLD_SOLID_BREP('winding2_sector01',#1674);
#1676=CARTESIAN_POINT('',(-4.880839717,-6.5,24.005772763));
#1677=VERTEX_POINT('',#1676);
#1678=DIRECTION('',(-0.952243248,0.0,-0.305340461));
#1679=VECTOR('',#1678,1.);
#1680=LINE('',#1567,#1679);
#1681=EDGE_CURVE('',#1568,#1677,#1680,.T.);
#1682=ORIENTED_EDGE(*,*,#1681,.T.);
#1683=CARTESIAN_POINT('',(-1.870988558,-6.5,17.702309105));
#1684=VERTEX_POINT('',#1683);
#1685=VECTOR('',#161,1.);
#1686=LINE('',#1676,#1685);
#1687=EDGE_CURVE('',#1677,#1684,#1686,.T.);
#1688=ORIENTED_EDGE(*,*,#1687,.T.);
#1689=DIRECTION('',(-0.948323655,0.0,-0.317304656));
#1690=VECTOR('',#1689,1.);
#1691=LINE('',#1573,#1690);
#1692=EDGE_CURVE('',#1574,#1684,#1691,.T.);
#1693=ORIENTED_EDGE(*,*,#1692,.F.);
#1694=ORIENTED_EDGE(*,*,#1577,.F.);
#1695=EDGE_LOOP('',(#1682,#1688,#1693,#1694));
#1696=FACE_OUTER_BOUND('',#1695,.T.);
#1697=AXIS2_PLACEMENT_3D('',#1567,#35,#36);
#1698=PLANE('',#1697);
#1699=ADVANCED_FACE('',(#1696),#1698,.T.);
#1700=CARTESIAN_POINT('',(-1.870988558,6.5,17.702309105));
#1701=VERTEX_POINT('',#1700);
#1702=VECTOR('',#1689,1.);
#1703=LINE('',#1596,#1702);
#1704=EDGE_CURVE('',#1597,#1701,#1703,.T.);
#1705=ORIENTED_EDGE(*,*,#1704,.T.);
#1706=CARTESIAN_POINT('',(-4.880839717,6.5,24.005772763));
#1707=VERTEX_POINT('',#1706);
#1708=VECTOR('',#137,1.);
#1709=LINE('',#1700,#1708);
#1710=EDGE_CURVE('',#1701,#1707,#1709,.T.);
#1711=ORIENTED_EDGE(*,*,#1710,.T.);
#1712=VECTOR('',#1678,1.);
#1713=LINE('',#1602,#1712);
#1714=EDGE_CURVE('',#1603,#1707,#1713,.T.);
#1715=ORIENTED_EDGE(*,*,#1714,.F.);
#1716=ORIENTED_EDGE(*,*,#1606,.F.);
#1717=EDGE_LOOP('',(#1705,#1711,#1715,#1716));
#1718=FACE_OUTER_BOUND('',#1717,.T.);
#1719=AXIS2_PLACEMENT_3D('',#1596,#70,#3);
#1720=PLANE('',#1719);
#1721=ADVANCED_FACE('',(#1718),#1720,.T.);
#1722=ORIENTED_EDGE(*,*,#1714,.T.);
#1723=VECTOR('',#70,1.);
#1724=LINE('',#1676,#1723);
#1725=EDGE_CURVE('',#1677,#1707,#1724,.T.);
#1726=ORIENTED_EDGE(*,*,#1725,.F.);
#1727=ORIENTED_EDGE(*,*,#1681,.F.);
#1728=ORIENTED_EDGE(*,*,#1626,.T.);
#1729=EDGE_LOOP('',(#1722,#1726,#1727,#1728));
#1730=FACE_OUTER_BOUND('',#1729,.T.);
#1731=DIRECTION('',(-0.305340461,0.0,0.952243248));
#1732=AXIS2_PLACEMENT_3D('',#1602,#1731,#70);
#1733=PLANE('',#1732);
#1734=ADVANCED_FACE('',(#1730),#1733,.T.);
#1735=ORIENTED_EDGE(*,*,#1710,.F.);
#1736=VECTOR('',#70,1.);
#1737=LINE('',#1683,#1736);
#1738=EDGE_CURVE('',#1684,#1701,#1737,.T.);
#1739=ORIENTED_EDGE(*,*,#1738,.F.);
#1740=ORIENTED_EDGE(*,*,#1687,.F.);
#1741=ORIENTED_EDGE(*,*,#1725,.T.);
#1742=EDGE_LOOP('',(#1735,#1739,#1740,#1741));
#1743=FACE_OUTER_BOUND('',#1742,.T.);
#1744=AXIS2_PLACEMENT_3D('',#1706,#314,#70);
#1745=PLANE('',#1744);
#1746=ADVANCED_FACE('',(#1743),#1745,.T.);
#1747=ORIENTED_EDGE(*,*,#1704,.F.);
#1748=ORIENTED_EDGE(*,*,#1642,.F.);
#1749=ORIENTED_EDGE(*,*,#1692,.T.);
#1750=ORIENTED_EDGE(*,*,#1738,.T.);
#1751=EDGE_LOOP('',(#1747,#1748,#1749,#1750));
#1752=FACE_OUTER_BOUND('',#1751,.T.);
#1753=DIRECTION('',(0.317304656,0.0,-0.948323655));
#1754=AXIS2_PLACEMENT_3D('',#1700,#1753,#35);
#1755=PLANE('',#1754);
#1756=ADVANCED_FACE('',(#1752),#1755,.T.);
#1757=ORIENTED_EDGE(*,*,#1606,.T.);
#1758=ORIENTED_EDGE(*,*,#1626,.F.);
#1759=ORIENTED_EDGE(*,*,#1577,.T.);
#1760=ORIENTED_EDGE(*,*,#1642,.T.);
#1761=EDGE_LOOP('',(#1757,#1758,#1759,#1760));
#1762=FACE_OUTER_BOUND('',#1761,.T.);
#1763=AXIS2_PLACEMENT_3D('',#1596,#99,#35);
#1764=PLANE('',#1763);
#1765=ADVANCED_FACE('',(#1762),#1764,.T.);
#1766=CLOSED_SHELL('',(#1699,#1721,#1734,#1746,#1756,#1765));
#1767=MANIFOLD_SOLID_BREP('winding2_sector02',#1766);
#1768=CARTESIAN_POINT('',(-6.882917236,-6.5,22.920248509));
#1769=VERTEX_POINT('',#1768);
#1770=DIRECTION('',(-0.879095941,0.0,-0.476644863));
#1771=VECTOR('',#1770,1.);
#1772=LINE('',#1676,#1771);
#1773=EDGE_CURVE('',#1677,#1769,#1772,.T.);
#1774=ORIENTED_EDGE(*,*,#1773,.T.);
#1775=CARTESIAN_POINT('',(-2.638451607,-6.5,17.268099404));
#1776=VERTEX_POINT('',#1775);
#1777=VECTOR('',#257,1.);
#1778=LINE('',#1768,#1777);
#1779=EDGE_CURVE('',#1769,#1776,#1778,.T.);
#1780=ORIENTED_EDGE(*,*,#1779,.T.);
#1781=DIRECTION('',(-0.870355696,0.0,-0.49242356));
#1782=VECTOR('',#1781,1.);
#1783=LINE('',#1683,#1782);
#1784=EDGE_CURVE('',#1684,#1776,#1783,.T.);
#1785=ORIENTED_EDGE(*,*,#1784,.F.);
#1786=ORIENTED_EDGE(*,*,#1687,.F.);
#1787=EDGE_LOOP('',(#1774,#1780,#1785,#1786));
#1788=FACE_OUTER_BOUND('',#1787,.T.);
#1789=AXIS2_PLACEMENT_3D('',#1676,#35,#36);
#1790=PLANE('',#1789);
#1791=ADVANCED_FACE('',(#1788),#1790,.T.);
#1792=CARTESIAN_POINT('',(-2.638451607,6.5,17.268099404));
#1793=VERTEX_POINT('',#1792);
#1794=VECTOR('',#1781,1.);
#1795=LINE('',#1700,#1794);
#1796=EDGE_CURVE('',#1701,#1793,#1795,.T.);
#1797=ORIENTED_EDGE(*,*,#1796,.T.);
#1798=CARTESIAN_POINT('',(-6.882917236,6.5,22.920248509));
#1799=VERTEX_POINT('',#1798);
#1800=VECTOR('',#233,1.);
#1801=LINE('',#1792,#1800);
#1802=EDGE_CURVE('',#1793,#1799,#1801,.T.);
#1803=ORIENTED_EDGE(*,*,#1802,.T.);
#1804=VECTOR('',#1770,1.);
#1805=LINE('',#1706,#1804);
#1806=EDGE_CURVE('',#1707,#1799,#1805,.T.);
#1807=ORIENTED_EDGE(*,*,#1806,.F.);
#1808=ORIENTED_EDGE(*,*,#1710,.F.);
#1809=EDGE_LOOP('',(#1797,#1803,#1807,#1808));
#1810=FACE_OUTER_BOUND('',#1809,.T.);
#1811=AXIS2_PLACEMENT_3D('',#1700,#70,#3);
#1812=PLANE('',#1811);
#1813=ADVANCED_FACE('',(#1810),#1812,.T.);
#1814=ORIENTED_EDGE(*,*,#1806,.T.);
#1815=VECTOR('',#70,1.);
#1816=LINE('',#1768,#1815);
#1817=EDGE_CURVE('',#1769,#1799,#1816,.T.);
#1818=ORIENTED_EDGE(*,*,#1817,.F.);
#1819=ORIENTED_EDGE(*,*,#1773,.F.);
#1820=ORIENTED_EDGE(*,*,#1725,.T.);
#1821=EDGE_LOOP('',(#1814,#1818,#1819,#1820));
#1822=FACE_OUTER_BOUND('',#1821,.T.);
#1823=DIRECTION('',(-0.476644863,0.0,0.879095941));
#1824=AXIS2_PLACEMENT_3D('',#1706,#1823,#70);
#1825=PLANE('',#1824);
#1826=ADVANCED_FACE('',(#1822),#1825,.T.);
#1827=ORIENTED_EDGE(*,*,#1802,.F.);
#1828=VECTOR('',#70,1.);
#1829=LINE('',#1775,#1828);
#1830=EDGE_CURVE('',#1776,#1793,#1829,.T.);
#1831=ORIENTED_EDGE(*,*,#1830,.F.);
#1832=ORIENTED_EDGE(*,*,#1779,.F.);
#1833=ORIENTED_EDGE(*,*,#1817,.T.);
#1834=EDGE_LOOP('',(#1827,#1831,#1832,#1833));
#1835=FACE_OUTER_BOUND('',#1834,.T.);
#1836=AXIS2_PLACEMENT_3D('',#1798,#410,#70);
#1837=PLANE('',#1836);
#1838=ADVANCED_FACE('',(#1835),#1837,.T.);
#1839=ORIENTED_EDGE(*,*,#1796,.F.);
#1840=ORIENTED_EDGE(*,*,#1738,.F.);
#1841=ORIENTED_EDGE(*,*,#1784,.T.);
#1842=ORIENTED_EDGE(*,*,#1830,.T.);
#1843=EDGE_LOOP('',(#1839,#1840,#1841,#1842));
#1844=FACE_OUTER_BOUND('',#1843,.T.);
#1845=DIRECTION('',(0.49242356,0.0,-0.870355696));
#1846=AXIS2_PLACEMENT_3D('',#1792,#1845,#35);
#1847=PLANE('',#1846);
#1848=ADVANCED_FACE('',(#1844),#1847,.T.);
#1849=ORIENTED_EDGE(*,*,#1710,.T.);
#1850=ORIENTED_EDGE(*,*,#1725,.F.);
#1851=ORIENTED_EDGE(*,*,#1687,.T.);
#1852=ORIENTED_EDGE(*,*,#1738,.T.);
#1853=EDGE_LOOP('',(#1849,#1850,#1851,#1852));
#1854=FACE_OUTER_BOUND('',#1853,.T.);
#1855=AXIS2_PLACEMENT_3D('',#1700,#198,#35);
#1856=PLANE('',#1855);
#1857=ADVANCED_FACE('',(#1854),#1856,.T.);
#1858=CLOSED_SHELL('',(#1791,#1813,#1826,#1838,#1848,#1857));
#1859=MANIFOLD_SOLID_BREP('winding2_sector03',#1858);
#1860=CARTESIAN_POINT('',(-8.632077604,-6.5,21.48857126));
#1861=VERTEX_POINT('',#1860);
#1862=DIRECTION('',(-0.773838892,0.0,-0.633382483));
#1863=VECTOR('',#1862,1.);
#1864=LINE('',#1768,#1863);
#1865=EDGE_CURVE('',#1769,#1861,#1864,.T.);
#1866=ORIENTED_EDGE(*,*,#1865,.T.);
#1867=CARTESIAN_POINT('',(-3.308963082,-6.5,16.695428504));
#1868=VERTEX_POINT('',#1867);
#1869=VECTOR('',#353,1.);
#1870=LINE('',#1860,#1869);
#1871=EDGE_CURVE('',#1861,#1868,#1870,.T.);
#1872=ORIENTED_EDGE(*,*,#1871,.T.);
#1873=DIRECTION('',(-0.760405966,0.0,-0.649448048));
#1874=VECTOR('',#1873,1.);
#1875=LINE('',#1775,#1874);
#1876=EDGE_CURVE('',#1776,#1868,#1875,.T.);
#1877=ORIENTED_EDGE(*,*,#1876,.F.);
#1878=ORIENTED_EDGE(*,*,#1779,.F.);
#1879=EDGE_LOOP('',(#1866,#1872,#1877,#1878));
#1880=FACE_OUTER_BOUND('',#1879,.T.);
#1881=AXIS2_PLACEMENT_3D('',#1768,#35,#36);
#1882=PLANE('',#1881);
#1883=ADVANCED_FACE('',(#1880),#1882,.T.);
#1884=CARTESIAN_POINT('',(-3.308963082,6.5,16.695428504));
#1885=VERTEX_POINT('',#1884);
#1886=VECTOR('',#1873,1.);
#1887=LINE('',#1792,#1886);
#1888=EDGE_CURVE('',#1793,#1885,#1887,.T.);
#1889=ORIENTED_EDGE(*,*,#1888,.T.);
#1890=CARTESIAN_POINT('',(-8.632077604,6.5,21.48857126));
#1891=VERTEX_POINT('',#1890);
#1892=VECTOR('',#329,1.);
#1893=LINE('',#1884,#1892);
#1894=EDGE_CURVE('',#1885,#1891,#1893,.T.);
#1895=ORIENTED_EDGE(*,*,#1894,.T.);
#1896=VECTOR('',#1862,1.);
#1897=LINE('',#1798,#1896);
#1898=EDGE_CURVE('',#1799,#1891,#1897,.T.);
#1899=ORIENTED_EDGE(*,*,#1898,.F.);
#1900=ORIENTED_EDGE(*,*,#1802,.F.);
#1901=EDGE_LOOP('',(#1889,#1895,#1899,#1900));
#1902=FACE_OUTER_BOUND('',#1901,.T.);
#1903=AXIS2_PLACEMENT_3D('',#1792,#70,#3);
#1904=PLANE('',#1903);
#1905=ADVANCED_FACE('',(#1902),#1904,.T.);
#1906=ORIENTED_EDGE(*,*,#1898,.T.);
#1907=VECTOR('',#70,1.);
#1908=LINE('',#1860,#1907);
#1909=EDGE_CURVE('',#1861,#1891,#1908,.T.);
#1910=ORIENTED_EDGE(*,*,#1909,.F.);
#1911=ORIENTED_EDGE(*,*,#1865,.F.);
#1912=ORIENTED_EDGE(*,*,#1817,.T.);
#1913=EDGE_LOOP('',(#1906,#1910,#1911,#1912));
#1914=FACE_OUTER_BOUND('',#1913,.T.);
#1915=DIRECTION('',(-0.633382483,0.0,0.773838892));
#1916=AXIS2_PLACEMENT_3D('',#1798,#1915,#70);
#1917=PLANE('',#1916);
#1918=ADVANCED_FACE('',(#1914),#1917,.T.);
#1919=ORIENTED_EDGE(*,*,#1894,.F.);
#1920=VECTOR('',#70,1.);
#1921=LINE('',#1867,#1920);
#1922=EDGE_CURVE('',#1868,#1885,#1921,.T.);
#1923=ORIENTED_EDGE(*,*,#1922,.F.);
#1924=ORIENTED_EDGE(*,*,#1871,.F.);
#1925=ORIENTED_EDGE(*,*,#1909,.T.);
#1926=EDGE_LOOP('',(#1919,#1923,#1924,#1925));
#1927=FACE_OUTER_BOUND('',#1926,.T.);
#1928=AXIS2_PLACEMENT_3D('',#1890,#506,#70);
#1929=PLANE('',#1928);
#1930=ADVANCED_FACE('',(#1927),#1929,.T.);
#1931=ORIENTED_EDGE(*,*,#1888,.F.);
#1932=ORIENTED_EDGE(*,*,#1830,.F.);
#1933=ORIENTED_EDGE(*,*,#1876,.T.);
#1934=ORIENTED_EDGE(*,*,#1922,.T.);
#1935=EDGE_LOOP('',(#1931,#1932,#1933,#1934));
#1936=FACE_OUTER_BOUND('',#1935,.T.);
#1937=DIRECTION('',(0.649448048,0.0,-0.760405966));
#1938=AXIS2_PLACEMENT_3D('',#1884,#1937,#35);
#1939=PLANE('',#1938);
#1940=ADVANCED_FACE('',(#1936),#1939,.T.);
#1941=ORIENTED_EDGE(*,*,#1802,.T.);
#1942=ORIENTED_EDGE(*,*,#1817,.F.);
#1943=ORIENTED_EDGE(*,*,#1779,.T.);
#1944=ORIENTED_EDGE(*,*,#1830,.T.);
#1945=EDGE_LOOP('',(#1941,#1942,#1943,#1944));
#1946=FACE_OUTER_BOUND('',#1945,.T.);
#1947=AXIS2_PLACEMENT_3D('',#1792,#294,#35);
#1948=PLANE('',#1947);
#1949=ADVANCED_FACE('',(#1946),#1948,.T.);
#1950=CLOSED_SHELL('',(#1883,#1905,#1918,#1930,#1940,#1949));
#1951=MANIFOLD_SOLID_BREP('winding2_sector04',#1950);
#1952=CARTESIAN_POINT('',(-10.064046815,-6.5,19.763348903));
#1953=VERTEX_POINT('',#1952);
#1954=DIRECTION('',(-0.638678575,0.0,-0.769473637));
#1955=VECTOR('',#1954,1.);
#1956=LINE('',#1860,#1955);
#1957=EDGE_CURVE('',#1861,#1953,#1956,.T.);
#1958=ORIENTED_EDGE(*,*,#1957,.T.);
#1959=CARTESIAN_POINT('',(-3.857884613,-6.5,16.005339561));
#1960=VERTEX_POINT('',#1959);
#1961=VECTOR('',#449,1.);
#1962=LINE('',#1952,#1961);
#1963=EDGE_CURVE('',#1953,#1960,#1962,.T.);
#1964=ORIENTED_EDGE(*,*,#1963,.T.);
#1965=DIRECTION('',(-0.622514637,0.0,-0.782608157));
#1966=VECTOR('',#1965,1.);
#1967=LINE('',#1867,#1966);
#1968=EDGE_CURVE('',#1868,#1960,#1967,.T.);
#1969=ORIENTED_EDGE(*,*,#1968,.F.);
#1970=ORIENTED_EDGE(*,*,#1871,.F.);
#1971=EDGE_LOOP('',(#1958,#1964,#1969,#1970));
#1972=FACE_OUTER_BOUND('',#1971,.T.);
#1973=AXIS2_PLACEMENT_3D('',#1860,#35,#36);
#1974=PLANE('',#1973);
#1975=ADVANCED_FACE('',(#1972),#1974,.T.);
#1976=CARTESIAN_POINT('',(-3.857884613,6.5,16.005339561));
#1977=VERTEX_POINT('',#1976);
#1978=VECTOR('',#1965,1.);
#1979=LINE('',#1884,#1978);
#1980=EDGE_CURVE('',#1885,#1977,#1979,.T.);
#1981=ORIENTED_EDGE(*,*,#1980,.T.);
#1982=CARTESIAN_POINT('',(-10.064046815,6.5,19.763348903));
#1983=VERTEX_POINT('',#1982);
#1984=VECTOR('',#425,1.);
#1985=LINE('',#1976,#1984);
#1986=EDGE_CURVE('',#1977,#1983,#1985,.T.);
#1987=ORIENTED_EDGE(*,*,#1986,.T.);
#1988=VECTOR('',#1954,1.);
#1989=LINE('',#1890,#1988);
#1990=EDGE_CURVE('',#1891,#1983,#1989,.T.);
#1991=ORIENTED_EDGE(*,*,#1990,.F.);
#1992=ORIENTED_EDGE(*,*,#1894,.F.);
#1993=EDGE_LOOP('',(#1981,#1987,#1991,#1992));
#1994=FACE_OUTER_BOUND('',#1993,.T.);
#1995=AXIS2_PLACEMENT_3D('',#1884,#70,#3);
#1996=PLANE('',#1995);
#1997=ADVANCED_FACE('',(#1994),#1996,.T.);
#1998=ORIENTED_EDGE(*,*,#1990,.T.);
#1999=VECTOR('',#70,1.);
#2000=LINE('',#1952,#1999);
#2001=EDGE_CURVE('',#1953,#1983,#2000,.T.);
#2002=ORIENTED_EDGE(*,*,#2001,.F.);
#2003=ORIENTED_EDGE(*,*,#1957,.F.);
#2004=ORIENTED_EDGE(*,*,#1909,.T.);
#2005=EDGE_LOOP('',(#1998,#2002,#2003,#2004));
#2006=FACE_OUTER_BOUND('',#2005,.T.);
#2007=DIRECTION('',(-0.769473637,0.0,0.638678575));
#2008=AXIS2_PLACEMENT_3D('',#1890,#2007,#70);
#2009=PLANE('',#2008);
#2010=ADVANCED_FACE('',(#2006),#2009,.T.);
#2011=ORIENTED_EDGE(*,*,#1986,.F.);
#2012=VECTOR('',#70,1.);
#2013=LINE('',#1959,#2012);
#2014=EDGE_CURVE('',#1960,#1977,#2013,.T.);
#2015=ORIENTED_EDGE(*,*,#2014,.F.);
#2016=ORIENTED_EDGE(*,*,#1963,.F.);
#2017=ORIENTED_EDGE(*,*,#2001,.T.);
#2018=EDGE_LOOP('',(#2011,#2015,#2016,#2017));
#2019=FACE_OUTER_BOUND('',#2018,.T.);
#2020=AXIS2_PLACEMENT_3D('',#1982,#602,#70);
#2021=PLANE('',#2020);
#2022=ADVANCED_FACE('',(#2019),#2021,.T.);
#2023=ORIENTED_EDGE(*,*,#1980,.F.);
#2024=ORIENTED_EDGE(*,*,#1922,.F.);
#2025=ORIENTED_EDGE(*,*,#1968,.T.);
#2026=ORIENTED_EDGE(*,*,#2014,.T.);
#2027=EDGE_LOOP('',(#2023,#2024,#2025,#2026));
#2028=FACE_OUTER_BOUND('',#2027,.T.);
#2029=DIRECTION('',(0.782608157,0.0,-0.622514637));
#2030=AXIS2_PLACEMENT_3D('',#1976,#2029,#35);
#2031=PLANE('',#2030);
#2032=ADVANCED_FACE('',(#2028),#2031,.T.);
#2033=ORIENTED_EDGE(*,*,#1894,.T.);
#2034=ORIENTED_EDGE(*,*,#1909,.F.);
#2035=ORIENTED_EDGE(*,*,#1871,.T.);
#2036=ORIENTED_EDGE(*,*,#1922,.T.);
#2037=EDGE_LOOP('',(#2033,#2034,#2035,#2036));
#2038=FACE_OUTER_BOUND('',#2037,.T.);
#2039=AXIS2_PLACEMENT_3D('',#1884,#390,#35);
#2040=PLANE('',#2039);
#2041=ADVANCED_FACE('',(#2038),#2040,.T.);
#2042=CLOSED_SHELL('',(#1975,#1997,#2010,#2022,#2032,#2041));
#2043=MANIFOLD_SOLID_BREP('winding2_sector05',#2042);
#2044=CARTESIAN_POINT('',(-11.126206255,-6.5,17.807975824));
#2045=VERTEX_POINT('',#2044);
#2046=DIRECTION('',(-0.47732482,0.0,-0.878726929));
#2047=VECTOR('',#2046,1.);
#2048=LINE('',#1952,#2047);
#2049=EDGE_CURVE('',#1953,#2045,#2048,.T.);
#2050=ORIENTED_EDGE(*,*,#2049,.T.);
#2051=CARTESIAN_POINT('',(-4.265045731,-6.5,15.22319033));
#2052=VERTEX_POINT('',#2051);
#2053=VECTOR('',#545,1.);
#2054=LINE('',#2044,#2053);
#2055=EDGE_CURVE('',#2045,#2052,#2054,.T.);
#2056=ORIENTED_EDGE(*,*,#2055,.T.);
#2057=DIRECTION('',(-0.461748613,0.0,-0.887010833));
#2058=VECTOR('',#2057,1.);
#2059=LINE('',#1959,#2058);
#2060=EDGE_CURVE('',#1960,#2052,#2059,.T.);
#2061=ORIENTED_EDGE(*,*,#2060,.F.);
#2062=ORIENTED_EDGE(*,*,#1963,.F.);
#2063=EDGE_LOOP('',(#2050,#2056,#2061,#2062));
#2064=FACE_OUTER_BOUND('',#2063,.T.);
#2065=AXIS2_PLACEMENT_3D('',#1952,#35,#36);
#2066=PLANE('',#2065);
#2067=ADVANCED_FACE('',(#2064),#2066,.T.);
#2068=CARTESIAN_POINT('',(-4.265045731,6.5,15.22319033));
#2069=VERTEX_POINT('',#2068);
#2070=VECTOR('',#2057,1.);
#2071=LINE('',#1976,#2070);
#2072=EDGE_CURVE('',#1977,#2069,#2071,.T.);
#2073=ORIENTED_EDGE(*,*,#2072,.T.);
#2074=CARTESIAN_POINT('',(-11.126206255,6.5,17.807975824));
#2075=VERTEX_POINT('',#2074);
#2076=VECTOR('',#521,1.);
#2077=LINE('',#2068,#2076);
#2078=EDGE_CURVE('',#2069,#2075,#2077,.T.);
#2079=ORIENTED_EDGE(*,*,#2078,.T.);
#2080=VECTOR('',#2046,1.);
#2081=LINE('',#1982,#2080);
#2082=EDGE_CURVE('',#1983,#2075,#2081,.T.);
#2083=ORIENTED_EDGE(*,*,#2082,.F.);
#2084=ORIENTED_EDGE(*,*,#1986,.F.);
#2085=EDGE_LOOP('',(#2073,#2079,#2083,#2084));
#2086=FACE_OUTER_BOUND('',#2085,.T.);
#2087=AXIS2_PLACEMENT_3D('',#1976,#70,#3);
#2088=PLANE('',#2087);
#2089=ADVANCED_FACE('',(#2086),#2088,.T.);
#2090=ORIENTED_EDGE(*,*,#2082,.T.);
#2091=VECTOR('',#70,1.);
#2092=LINE('',#2044,#2091);
#2093=EDGE_CURVE('',#2045,#2075,#2092,.T.);
#2094=ORIENTED_EDGE(*,*,#2093,.F.);
#2095=ORIENTED_EDGE(*,*,#2049,.F.);
#2096=ORIENTED_EDGE(*,*,#2001,.T.);
#2097=EDGE_LOOP('',(#2090,#2094,#2095,#2096));
#2098=FACE_OUTER_BOUND('',#2097,.T.);
#2099=DIRECTION('',(-0.878726929,0.0,0.47732482));
#2100=AXIS2_PLACEMENT_3D('',#1982,#2099,#70);
#2101=PLANE('',#2100);
#2102=ADVANCED_FACE('',(#2098),#2101,.T.);
#2103=ORIENTED_EDGE(*,*,#2078,.F.);
#2104=VECTOR('',#70,1.);
#2105=LINE('',#2051,#2104);
#2106=EDGE_CURVE('',#2052,#2069,#2105,.T.);
#2107=ORIENTED_EDGE(*,*,#2106,.F.);
#2108=ORIENTED_EDGE(*,*,#2055,.F.);
#2109=ORIENTED_EDGE(*,*,#2093,.T.);
#2110=EDGE_LOOP('',(#2103,#2107,#2108,#2109));
#2111=FACE_OUTER_BOUND('',#2110,.T.);
#2112=AXIS2_PLACEMENT_3D('',#2074,#698,#35);
#2113=PLANE('',#2112);
#2114=ADVANCED_FACE('',(#2111),#2113,.T.);
#2115=ORIENTED_EDGE(*,*,#2072,.F.);
#2116=ORIENTED_EDGE(*,*,#2014,.F.);
#2117=ORIENTED_EDGE(*,*,#2060,.T.);
#2118=ORIENTED_EDGE(*,*,#2106,.T.);
#2119=EDGE_LOOP('',(#2115,#2116,#2117,#2118));
#2120=FACE_OUTER_BOUND('',#2119,.T.);
#2121=DIRECTION('',(0.887010833,0.0,-0.461748613));
#2122=AXIS2_PLACEMENT_3D('',#2068,#2121,#35);
#2123=PLANE('',#2122);
#2124=ADVANCED_FACE('',(#2120),#2123,.T.);
#2125=ORIENTED_EDGE(*,*,#1986,.T.);
#2126=ORIENTED_EDGE(*,*,#2001,.F.);
#2127=ORIENTED_EDGE(*,*,#1963,.T.);
#2128=ORIENTED_EDGE(*,*,#2014,.T.);
#2129=EDGE_LOOP('',(#2125,#2126,#2127,#2128));
#2130=FACE_OUTER_BOUND('',#2129,.T.);
#2131=AXIS2_PLACEMENT_3D('',#1976,#486,#35);
#2132=PLANE('',#2131);
#2133=ADVANCED_FACE('',(#2130),#2132,.T.);
#2134=CLOSED_SHELL('',(#2067,#2089,#2102,#2114,#2124,#2133));
#2135=MANIFOLD_SOLID_BREP('winding2_sector06',#2134);
#2136=CARTESIAN_POINT('',(-11.779526201,-6.5,15.694303447));
#2137=VERTEX_POINT('',#2136);
#2138=DIRECTION('',(-0.295307521,0.0,-0.955402255));
#2139=VECTOR('',#2138,1.);
#2140=LINE('',#2044,#2139);
#2141=EDGE_CURVE('',#2045,#2137,#2140,.T.);
#2142=ORIENTED_EDGE(*,*,#2141,.T.);
#2143=CARTESIAN_POINT('',(-4.515485044,-6.5,14.377721379));
#2144=VERTEX_POINT('',#2143);
#2145=VECTOR('',#641,1.);
#2146=LINE('',#2136,#2145);
#2147=EDGE_CURVE('',#2137,#2144,#2146,.T.);
#2148=ORIENTED_EDGE(*,*,#2147,.T.);
#2149=DIRECTION('',(-0.284015345,0.0,-0.958819735));
#2150=VECTOR('',#2149,1.);
#2151=LINE('',#2051,#2150);
#2152=EDGE_CURVE('',#2052,#2144,#2151,.T.);
#2153=ORIENTED_EDGE(*,*,#2152,.F.);
#2154=ORIENTED_EDGE(*,*,#2055,.F.);
#2155=EDGE_LOOP('',(#2142,#2148,#2153,#2154));
#2156=FACE_OUTER_BOUND('',#2155,.T.);
#2157=AXIS2_PLACEMENT_3D('',#2044,#35,#36);
#2158=PLANE('',#2157);
#2159=ADVANCED_FACE('',(#2156),#2158,.T.);
#2160=CARTESIAN_POINT('',(-4.515485044,6.5,14.377721379));
#2161=VERTEX_POINT('',#2160);
#2162=VECTOR('',#2149,1.);
#2163=LINE('',#2068,#2162);
#2164=EDGE_CURVE('',#2069,#2161,#2163,.T.);
#2165=ORIENTED_EDGE(*,*,#2164,.T.);
#2166=CARTESIAN_POINT('',(-11.779526201,6.5,15.694303447));
#2167=VERTEX_POINT('',#2166);
#2168=VECTOR('',#617,1.);
#2169=LINE('',#2160,#2168);
#2170=EDGE_CURVE('',#2161,#2167,#2169,.T.);
#2171=ORIENTED_EDGE(*,*,#2170,.T.);
#2172=VECTOR('',#2138,1.);
#2173=LINE('',#2074,#2172);
#2174=EDGE_CURVE('',#2075,#2167,#2173,.T.);
#2175=ORIENTED_EDGE(*,*,#2174,.F.);
#2176=ORIENTED_EDGE(*,*,#2078,.F.);
#2177=EDGE_LOOP('',(#2165,#2171,#2175,#2176));
#2178=FACE_OUTER_BOUND('',#2177,.T.);
#2179=AXIS2_PLACEMENT_3D('',#2068,#70,#3);
#2180=PLANE('',#2179);
#2181=ADVANCED_FACE('',(#2178),#2180,.T.);
#2182=ORIENTED_EDGE(*,*,#2174,.T.);
#2183=VECTOR('',#70,1.);
#2184=LINE('',#2136,#2183);
#2185=EDGE_CURVE('',#2137,#2167,#2184,.T.);
#2186=ORIENTED_EDGE(*,*,#2185,.F.);
#2187=ORIENTED_EDGE(*,*,#2141,.F.);
#2188=ORIENTED_EDGE(*,*,#2093,.T.);
#2189=EDGE_LOOP('',(#2182,#2186,#2187,#2188));
#2190=FACE_OUTER_BOUND('',#2189,.T.);
#2191=DIRECTION('',(-0.955402255,0.0,0.295307521));
#2192=AXIS2_PLACEMENT_3D('',#2074,#2191,#70);
#2193=PLANE('',#2192);
#2194=ADVANCED_FACE('',(#2190),#2193,.T.);
#2195=ORIENTED_EDGE(*,*,#2170,.F.);
#2196=VECTOR('',#70,1.);
#2197=LINE('',#2143,#2196);
#2198=EDGE_CURVE('',#2144,#2161,#2197,.T.);
#2199=ORIENTED_EDGE(*,*,#2198,.F.);
#2200=ORIENTED_EDGE(*,*,#2147,.F.);
#2201=ORIENTED_EDGE(*,*,#2185,.T.);
#2202=EDGE_LOOP('',(#2195,#2199,#2200,#2201));
#2203=FACE_OUTER_BOUND('',#2202,.T.);
#2204=AXIS2_PLACEMENT_3D('',#2166,#791,#35);
#2205=PLANE('',#2204);
#2206=ADVANCED_FACE('',(#2203),#2205,.T.);
#2207=ORIENTED_EDGE(*,*,#2164,.F.);
#2208=ORIENTED_EDGE(*,*,#2106,.F.);
#2209=ORIENTED_EDGE(*,*,#2152,.T.);
#2210=ORIENTED_EDGE(*,*,#2198,.T.);
#2211=EDGE_LOOP('',(#2207,#2208,#2209,#2210));
#2212=FACE_OUTER_BOUND('',#2211,.T.);
#2213=DIRECTION('',(0.958819735,0.0,-0.284015345));
#2214=AXIS2_PLACEMENT_3D('',#2160,#2213,#35);
#2215=PLANE('',#2214);
#2216=ADVANCED_FACE('',(#2212),#2215,.T.);
#2217=ORIENTED_EDGE(*,*,#2078,.T.);
#2218=ORIENTED_EDGE(*,*,#2093,.F.);
#2219=ORIENTED_EDGE(*,*,#2055,.T.);
#2220=ORIENTED_EDGE(*,*,#2106,.T.);
#2221=EDGE_LOOP('',(#2217,#2218,#2219,#2220));
#2222=FACE_OUTER_BOUND('',#2221,.T.);
#2223=AXIS2_PLACEMENT_3D('',#2068,#582,#70);
#2224=PLANE('',#2223);
#2225=ADVANCED_FACE('',(#2222),#2224,.T.);
#2226=CLOSED_SHELL('',(#2159,#2181,#2194,#2206,#2216,#2225));
#2227=MANIFOLD_SOLID_BREP('winding2_sector07',#2226);
#2228=CARTESIAN_POINT('',(-12.0,-6.5,13.5));
#2229=VERTEX_POINT('',#2228);
#2230=DIRECTION('',(-0.09997217,0.0,-0.994990234));
#2231=VECTOR('',#2230,1.);
#2232=LINE('',#2136,#2231);
#2233=EDGE_CURVE('',#2137,#2229,#2232,.T.);
#2234=ORIENTED_EDGE(*,*,#2233,.T.);
#2235=CARTESIAN_POINT('',(-4.6,-6.5,13.5));
#2236=VERTEX_POINT('',#2235);
#2237=VECTOR('',#3,1.);
#2238=LINE('',#2228,#2237);
#2239=EDGE_CURVE('',#2229,#2236,#2238,.T.);
#2240=ORIENTED_EDGE(*,*,#2239,.T.);
#2241=DIRECTION('',(-0.095845753,0.0,-0.995396198));
#2242=VECTOR('',#2241,1.);
#2243=LINE('',#2143,#2242);
#2244=EDGE_CURVE('',#2144,#2236,#2243,.T.);
#2245=ORIENTED_EDGE(*,*,#2244,.F.);
#2246=ORIENTED_EDGE(*,*,#2147,.F.);
#2247=EDGE_LOOP('',(#2234,#2240,#2245,#2246));
#2248=FACE_OUTER_BOUND('',#2247,.T.);
#2249=AXIS2_PLACEMENT_3D('',#2136,#35,#36);
#2250=PLANE('',#2249);
#2251=ADVANCED_FACE('',(#2248),#2250,.T.);
#2252=CARTESIAN_POINT('',(-4.6,6.5,13.5));
#2253=VERTEX_POINT('',#2252);
#2254=VECTOR('',#2241,1.);
#2255=LINE('',#2160,#2254);
#2256=EDGE_CURVE('',#2161,#2253,#2255,.T.);
#2257=ORIENTED_EDGE(*,*,#2256,.T.);
#2258=CARTESIAN_POINT('',(-12.0,6.5,13.5));
#2259=VERTEX_POINT('',#2258);
#2260=VECTOR('',#36,1.);
#2261=LINE('',#2252,#2260);
#2262=EDGE_CURVE('',#2253,#2259,#2261,.T.);
#2263=ORIENTED_EDGE(*,*,#2262,.T.);
#2264=VECTOR('',#2230,1.);
#2265=LINE('',#2166,#2264);
#2266=EDGE_CURVE('',#2167,#2259,#2265,.T.);
#2267=ORIENTED_EDGE(*,*,#2266,.F.);
#2268=ORIENTED_EDGE(*,*,#2170,.F.);
#2269=EDGE_LOOP('',(#2257,#2263,#2267,#2268));
#2270=FACE_OUTER_BOUND('',#2269,.T.);
#2271=AXIS2_PLACEMENT_3D('',#2160,#70,#3);
#2272=PLANE('',#2271);
#2273=ADVANCED_FACE('',(#2270),#2272,.T.);
#2274=ORIENTED_EDGE(*,*,#2266,.T.);
#2275=VECTOR('',#70,1.);
#2276=LINE('',#2228,#2275);
#2277=EDGE_CURVE('',#2229,#2259,#2276,.T.);
#2278=ORIENTED_EDGE(*,*,#2277,.F.);
#2279=ORIENTED_EDGE(*,*,#2233,.F.);
#2280=ORIENTED_EDGE(*,*,#2185,.T.);
#2281=EDGE_LOOP('',(#2274,#2278,#2279,#2280));
#2282=FACE_OUTER_BOUND('',#2281,.T.);
#2283=DIRECTION('',(-0.994990234,0.0,0.09997217));
#2284=AXIS2_PLACEMENT_3D('',#2166,#2283,#70);
#2285=PLANE('',#2284);
#2286=ADVANCED_FACE('',(#2282),#2285,.T.);
#2287=ORIENTED_EDGE(*,*,#2262,.F.);
#2288=VECTOR('',#70,1.);
#2289=LINE('',#2235,#2288);
#2290=EDGE_CURVE('',#2236,#2253,#2289,.T.);
#2291=ORIENTED_EDGE(*,*,#2290,.F.);
#2292=ORIENTED_EDGE(*,*,#2239,.F.);
#2293=ORIENTED_EDGE(*,*,#2277,.T.);
#2294=EDGE_LOOP('',(#2287,#2291,#2292,#2293));
#2295=FACE_OUTER_BOUND('',#2294,.T.);
#2296=AXIS2_PLACEMENT_3D('',#2258,#887,#35);
#2297=PLANE('',#2296);
#2298=ADVANCED_FACE('',(#2295),#2297,.T.);
#2299=ORIENTED_EDGE(*,*,#2256,.F.);
#2300=ORIENTED_EDGE(*,*,#2198,.F.);
#2301=ORIENTED_EDGE(*,*,#2244,.T.);
#2302=ORIENTED_EDGE(*,*,#2290,.T.);
#2303=EDGE_LOOP('',(#2299,#2300,#2301,#2302));
#2304=FACE_OUTER_BOUND('',#2303,.T.);
#2305=DIRECTION('',(0.995396198,0.0,-0.095845753));
#2306=AXIS2_PLACEMENT_3D('',#2252,#2305,#35);
#2307=PLANE('',#2306);
#2308=ADVANCED_FACE('',(#2304),#2307,.T.);
#2309=ORIENTED_EDGE(*,*,#2170,.T.);
#2310=ORIENTED_EDGE(*,*,#2185,.F.);
#2311=ORIENTED_EDGE(*,*,#2147,.T.);
#2312=ORIENTED_EDGE(*,*,#2198,.T.);
#2313=EDGE_LOOP('',(#2309,#2310,#2311,#2312));
#2314=FACE_OUTER_BOUND('',#2313,.T.);
#2315=AXIS2_PLACEMENT_3D('',#2160,#678,#70);
#2316=PLANE('',#2315);
#2317=ADVANCED_FACE('',(#2314),#2316,.T.);
#2318=CLOSED_SHELL('',(#2251,#2273,#2286,#2298,#2308,#2317));
#2319=MANIFOLD_SOLID_BREP('winding2_sector08',#2318);
#2320=CARTESIAN_POINT('',(-11.779526201,-6.5,11.305696553));
#2321=VERTEX_POINT('',#2320);
#2322=DIRECTION('',(0.09997217,0.0,-0.994990234));
#2323=VECTOR('',#2322,1.);
#2324=LINE('',#2228,#2323);
#2325=EDGE_CURVE('',#2229,#2321,#2324,.T.);
#2326=ORIENTED_EDGE(*,*,#2325,.T.);
#2327=CARTESIAN_POINT('',(-4.515485044,-6.5,12.622278621));
#2328=VERTEX_POINT('',#2327);
#2329=VECTOR('',#830,1.);
#2330=LINE('',#2320,#2329);
#2331=EDGE_CURVE('',#2321,#2328,#2330,.T.);
#2332=ORIENTED_EDGE(*,*,#2331,.T.);
#2333=DIRECTION('',(0.095845753,0.0,-0.995396198));
#2334=VECTOR('',#2333,1.);
#2335=LINE('',#2235,#2334);
#2336=EDGE_CURVE('',#2236,#2328,#2335,.T.);
#2337=ORIENTED_EDGE(*,*,#2336,.F.);
#2338=ORIENTED_EDGE(*,*,#2239,.F.);
#2339=EDGE_LOOP('',(#2326,#2332,#2337,#2338));
#2340=FACE_OUTER_BOUND('',#2339,.T.);
#2341=AXIS2_PLACEMENT_3D('',#2228,#35,#36);
#2342=PLANE('',#2341);
#2343=ADVANCED_FACE('',(#2340),#2342,.T.);
#2344=CARTESIAN_POINT('',(-4.515485044,6.5,12.622278621));
#2345=VERTEX_POINT('',#2344);
#2346=VECTOR('',#2333,1.);
#2347=LINE('',#2252,#2346);
#2348=EDGE_CURVE('',#2253,#2345,#2347,.T.);
#2349=ORIENTED_EDGE(*,*,#2348,.T.);
#2350=CARTESIAN_POINT('',(-11.779526201,6.5,11.305696553));
#2351=VERTEX_POINT('',#2350);
#2352=VECTOR('',#806,1.);
#2353=LINE('',#2344,#2352);
#2354=EDGE_CURVE('',#2345,#2351,#2353,.T.);
#2355=ORIENTED_EDGE(*,*,#2354,.T.);
#2356=VECTOR('',#2322,1.);
#2357=LINE('',#2258,#2356);
#2358=EDGE_CURVE('',#2259,#2351,#2357,.T.);
#2359=ORIENTED_EDGE(*,*,#2358,.F.);
#2360=ORIENTED_EDGE(*,*,#2262,.F.);
#2361=EDGE_LOOP('',(#2349,#2355,#2359,#2360));
#2362=FACE_OUTER_BOUND('',#2361,.T.);
#2363=AXIS2_PLACEMENT_3D('',#2252,#70,#3);
#2364=PLANE('',#2363);
#2365=ADVANCED_FACE('',(#2362),#2364,.T.);
#2366=ORIENTED_EDGE(*,*,#2358,.T.);
#2367=VECTOR('',#70,1.);
#2368=LINE('',#2320,#2367);
#2369=EDGE_CURVE('',#2321,#2351,#2368,.T.);
#2370=ORIENTED_EDGE(*,*,#2369,.F.);
#2371=ORIENTED_EDGE(*,*,#2325,.F.);
#2372=ORIENTED_EDGE(*,*,#2277,.T.);
#2373=EDGE_LOOP('',(#2366,#2370,#2371,#2372));
#2374=FACE_OUTER_BOUND('',#2373,.T.);
#2375=DIRECTION('',(-0.994990234,0.0,-0.09997217));
#2376=AXIS2_PLACEMENT_3D('',#2258,#2375,#70);
#2377=PLANE('',#2376);
#2378=ADVANCED_FACE('',(#2374),#2377,.T.);
#2379=ORIENTED_EDGE(*,*,#2354,.F.);
#2380=VECTOR('',#70,1.);
#2381=LINE('',#2327,#2380);
#2382=EDGE_CURVE('',#2328,#2345,#2381,.T.);
#2383=ORIENTED_EDGE(*,*,#2382,.F.);
#2384=ORIENTED_EDGE(*,*,#2331,.F.);
#2385=ORIENTED_EDGE(*,*,#2369,.T.);
#2386=EDGE_LOOP('',(#2379,#2383,#2384,#2385));
#2387=FACE_OUTER_BOUND('',#2386,.T.);
#2388=AXIS2_PLACEMENT_3D('',#2350,#983,#35);
#2389=PLANE('',#2388);
#2390=ADVANCED_FACE('',(#2387),#2389,.T.);
#2391=ORIENTED_EDGE(*,*,#2348,.F.);
#2392=ORIENTED_EDGE(*,*,#2290,.F.);
#2393=ORIENTED_EDGE(*,*,#2336,.T.);
#2394=ORIENTED_EDGE(*,*,#2382,.T.);
#2395=EDGE_LOOP('',(#2391,#2392,#2393,#2394));
#2396=FACE_OUTER_BOUND('',#2395,.T.);
#2397=DIRECTION('',(0.995396198,0.0,0.095845753));
#2398=AXIS2_PLACEMENT_3D('',#2344,#2397,#35);
#2399=PLANE('',#2398);
#2400=ADVANCED_FACE('',(#2396),#2399,.T.);
#2401=ORIENTED_EDGE(*,*,#2262,.T.);
#2402=ORIENTED_EDGE(*,*,#2277,.F.);
#2403=ORIENTED_EDGE(*,*,#2239,.T.);
#2404=ORIENTED_EDGE(*,*,#2290,.T.);
#2405=EDGE_LOOP('',(#2401,#2402,#2403,#2404));
#2406=FACE_OUTER_BOUND('',#2405,.T.);
#2407=AXIS2_PLACEMENT_3D('',#2252,#2,#70);
#2408=PLANE('',#2407);
#2409=ADVANCED_FACE('',(#2406),#2408,.T.);
#2410=CLOSED_SHELL('',(#2343,#2365,#2378,#2390,#2400,#2409));
#2411=MANIFOLD_SOLID_BREP('winding2_sector09',#2410);
#2412=CARTESIAN_POINT('',(-11.126206255,-6.5,9.192024176));
#2413=VERTEX_POINT('',#2412);
#2414=DIRECTION('',(0.295307521,0.0,-0.955402255));
#2415=VECTOR('',#2414,1.);
#2416=LINE('',#2320,#2415);
#2417=EDGE_CURVE('',#2321,#2413,#2416,.T.);
#2418=ORIENTED_EDGE(*,*,#2417,.T.);
#2419=CARTESIAN_POINT('',(-4.265045731,-6.5,11.77680967));
#2420=VERTEX_POINT('',#2419);
#2421=VECTOR('',#926,1.);
#2422=LINE('',#2412,#2421);
#2423=EDGE_CURVE('',#2413,#2420,#2422,.T.);
#2424=ORIENTED_EDGE(*,*,#2423,.T.);
#2425=DIRECTION('',(0.284015345,0.0,-0.958819735));
#2426=VECTOR('',#2425,1.);
#2427=LINE('',#2327,#2426);
#2428=EDGE_CURVE('',#2328,#2420,#2427,.T.);
#2429=ORIENTED_EDGE(*,*,#2428,.F.);
#2430=ORIENTED_EDGE(*,*,#2331,.F.);
#2431=EDGE_LOOP('',(#2418,#2424,#2429,#2430));
#2432=FACE_OUTER_BOUND('',#2431,.T.);
#2433=AXIS2_PLACEMENT_3D('',#2320,#35,#36);
#2434=PLANE('',#2433);
#2435=ADVANCED_FACE('',(#2432),#2434,.T.);
#2436=CARTESIAN_POINT('',(-4.265045731,6.5,11.77680967));
#2437=VERTEX_POINT('',#2436);
#2438=VECTOR('',#2425,1.);
#2439=LINE('',#2344,#2438);
#2440=EDGE_CURVE('',#2345,#2437,#2439,.T.);
#2441=ORIENTED_EDGE(*,*,#2440,.T.);
#2442=CARTESIAN_POINT('',(-11.126206255,6.5,9.192024176));
#2443=VERTEX_POINT('',#2442);
#2444=VECTOR('',#902,1.);
#2445=LINE('',#2436,#2444);
#2446=EDGE_CURVE('',#2437,#2443,#2445,.T.);
#2447=ORIENTED_EDGE(*,*,#2446,.T.);
#2448=VECTOR('',#2414,1.);
#2449=LINE('',#2350,#2448);
#2450=EDGE_CURVE('',#2351,#2443,#2449,.T.);
#2451=ORIENTED_EDGE(*,*,#2450,.F.);
#2452=ORIENTED_EDGE(*,*,#2354,.F.);
#2453=EDGE_LOOP('',(#2441,#2447,#2451,#2452));
#2454=FACE_OUTER_BOUND('',#2453,.T.);
#2455=AXIS2_PLACEMENT_3D('',#2344,#70,#3);
#2456=PLANE('',#2455);
#2457=ADVANCED_FACE('',(#2454),#2456,.T.);
#2458=ORIENTED_EDGE(*,*,#2450,.T.);
#2459=VECTOR('',#70,1.);
#2460=LINE('',#2412,#2459);
#2461=EDGE_CURVE('',#2413,#2443,#2460,.T.);
#2462=ORIENTED_EDGE(*,*,#2461,.F.);
#2463=ORIENTED_EDGE(*,*,#2417,.F.);
#2464=ORIENTED_EDGE(*,*,#2369,.T.);
#2465=EDGE_LOOP('',(#2458,#2462,#2463,#2464));
#2466=FACE_OUTER_BOUND('',#2465,.T.);
#2467=DIRECTION('',(-0.955402255,0.0,-0.295307521));
#2468=AXIS2_PLACEMENT_3D('',#2350,#2467,#70);
#2469=PLANE('',#2468);
#2470=ADVANCED_FACE('',(#2466),#2469,.T.);
#2471=ORIENTED_EDGE(*,*,#2446,.F.);
#2472=VECTOR('',#70,1.);
#2473=LINE('',#2419,#2472);
#2474=EDGE_CURVE('',#2420,#2437,#2473,.T.);
#2475=ORIENTED_EDGE(*,*,#2474,.F.);
#2476=ORIENTED_EDGE(*,*,#2423,.F.);
#2477=ORIENTED_EDGE(*,*,#2461,.T.);
#2478=EDGE_LOOP('',(#2471,#2475,#2476,#2477));
#2479=FACE_OUTER_BOUND('',#2478,.T.);
#2480=AXIS2_PLACEMENT_3D('',#2442,#1079,#35);
#2481=PLANE('',#2480);
#2482=ADVANCED_FACE('',(#2479),#2481,.T.);
#2483=ORIENTED_EDGE(*,*,#2440,.F.);
#2484=ORIENTED_EDGE(*,*,#2382,.F.);
#2485=ORIENTED_EDGE(*,*,#2428,.T.);
#2486=ORIENTED_EDGE(*,*,#2474,.T.);
#2487=EDGE_LOOP('',(#2483,#2484,#2485,#2486));
#2488=FACE_OUTER_BOUND('',#2487,.T.);
#2489=DIRECTION('',(0.958819735,0.0,0.284015345));
#2490=AXIS2_PLACEMENT_3D('',#2436,#2489,#35);
#2491=PLANE('',#2490);
#2492=ADVANCED_FACE('',(#2488),#2491,.T.);
#2493=ORIENTED_EDGE(*,*,#2354,.T.);
#2494=ORIENTED_EDGE(*,*,#2369,.F.);
#2495=ORIENTED_EDGE(*,*,#2331,.T.);
#2496=ORIENTED_EDGE(*,*,#2382,.T.);
#2497=EDGE_LOOP('',(#2493,#2494,#2495,#2496));
#2498=FACE_OUTER_BOUND('',#2497,.T.);
#2499=AXIS2_PLACEMENT_3D('',#2344,#867,#70);
#2500=PLANE('',#2499);
#2501=ADVANCED_FACE('',(#2498),#2500,.T.);
#2502=CLOSED_SHELL('',(#2435,#2457,#2470,#2482,#2492,#2501));
#2503=MANIFOLD_SOLID_BREP('winding2_sector10',#2502);
#2504=CARTESIAN_POINT('',(-10.064046815,-6.5,7.236651097));
#2505=VERTEX_POINT('',#2504);
#2506=DIRECTION('',(0.47732482,0.0,-0.878726929));
#2507=VECTOR('',#2506,1.);
#2508=LINE('',#2412,#2507);
#2509=EDGE_CURVE('',#2413,#2505,#2508,.T.);
#2510=ORIENTED_EDGE(*,*,#2509,.T.);
#2511=CARTESIAN_POINT('',(-3.857884613,-6.5,10.994660439));
#2512=VERTEX_POINT('',#2511);
#2513=VECTOR('',#1022,1.);
#2514=LINE('',#2504,#2513);
#2515=EDGE_CURVE('',#2505,#2512,#2514,.T.);
#2516=ORIENTED_EDGE(*,*,#2515,.T.);
#2517=DIRECTION('',(0.461748613,0.0,-0.887010833));
#2518=VECTOR('',#2517,1.);
#2519=LINE('',#2419,#2518);
#2520=EDGE_CURVE('',#2420,#2512,#2519,.T.);
#2521=ORIENTED_EDGE(*,*,#2520,.F.);
#2522=ORIENTED_EDGE(*,*,#2423,.F.);
#2523=EDGE_LOOP('',(#2510,#2516,#2521,#2522));
#2524=FACE_OUTER_BOUND('',#2523,.T.);
#2525=AXIS2_PLACEMENT_3D('',#2412,#35,#36);
#2526=PLANE('',#2525);
#2527=ADVANCED_FACE('',(#2524),#2526,.T.);
#2528=CARTESIAN_POINT('',(-3.857884613,6.5,10.994660439));
#2529=VERTEX_POINT('',#2528);
#2530=VECTOR('',#2517,1.);
#2531=LINE('',#2436,#2530);
#2532=EDGE_CURVE('',#2437,#2529,#2531,.T.);
#2533=ORIENTED_EDGE(*,*,#2532,.T.);
#2534=CARTESIAN_POINT('',(-10.064046815,6.5,7.236651097));
#2535=VERTEX_POINT('',#2534);
#2536=VECTOR('',#998,1.);
#2537=LINE('',#2528,#2536);
#2538=EDGE_CURVE('',#2529,#2535,#2537,.T.);
#2539=ORIENTED_EDGE(*,*,#2538,.T.);
#2540=VECTOR('',#2506,1.);
#2541=LINE('',#2442,#2540);
#2542=EDGE_CURVE('',#2443,#2535,#2541,.T.);
#2543=ORIENTED_EDGE(*,*,#2542,.F.);
#2544=ORIENTED_EDGE(*,*,#2446,.F.);
#2545=EDGE_LOOP('',(#2533,#2539,#2543,#2544));
#2546=FACE_OUTER_BOUND('',#2545,.T.);
#2547=AXIS2_PLACEMENT_3D('',#2436,#70,#3);
#2548=PLANE('',#2547);
#2549=ADVANCED_FACE('',(#2546),#2548,.T.);
#2550=ORIENTED_EDGE(*,*,#2542,.T.);
#2551=VECTOR('',#70,1.);
#2552=LINE('',#2504,#2551);
#2553=EDGE_CURVE('',#2505,#2535,#2552,.T.);
#2554=ORIENTED_EDGE(*,*,#2553,.F.);
#2555=ORIENTED_EDGE(*,*,#2509,.F.);
#2556=ORIENTED_EDGE(*,*,#2461,.T.);
#2557=EDGE_LOOP('',(#2550,#2554,#2555,#2556));
#2558=FACE_OUTER_BOUND('',#2557,.T.);
#2559=DIRECTION('',(-0.878726929,0.0,-0.47732482));
#2560=AXIS2_PLACEMENT_3D('',#2442,#2559,#70);
#2561=PLANE('',#2560);
#2562=ADVANCED_FACE('',(#2558),#2561,.T.);
#2563=ORIENTED_EDGE(*,*,#2538,.F.);
#2564=VECTOR('',#70,1.);
#2565=LINE('',#2511,#2564);
#2566=EDGE_CURVE('',#2512,#2529,#2565,.T.);
#2567=ORIENTED_EDGE(*,*,#2566,.F.);
#2568=ORIENTED_EDGE(*,*,#2515,.F.);
#2569=ORIENTED_EDGE(*,*,#2553,.T.);
#2570=EDGE_LOOP('',(#2563,#2567,#2568,#2569));
#2571=FACE_OUTER_BOUND('',#2570,.T.);
#2572=AXIS2_PLACEMENT_3D('',#2534,#1175,#35);
#2573=PLANE('',#2572);
#2574=ADVANCED_FACE('',(#2571),#2573,.T.);
#2575=ORIENTED_EDGE(*,*,#2532,.F.);
#2576=ORIENTED_EDGE(*,*,#2474,.F.);
#2577=ORIENTED_EDGE(*,*,#2520,.T.);
#2578=ORIENTED_EDGE(*,*,#2566,.T.);
#2579=EDGE_LOOP('',(#2575,#2576,#2577,#2578));
#2580=FACE_OUTER_BOUND('',#2579,.T.);
#2581=DIRECTION('',(0.887010833,0.0,0.461748613));
#2582=AXIS2_PLACEMENT_3D('',#2528,#2581,#35);
#2583=PLANE('',#2582);
#2584=ADVANCED_FACE('',(#2580),#2583,.T.);
#2585=ORIENTED_EDGE(*,*,#2446,.T.);
#2586=ORIENTED_EDGE(*,*,#2461,.F.);
#2587=ORIENTED_EDGE(*,*,#2423,.T.);
#2588=ORIENTED_EDGE(*,*,#2474,.T.);
#2589=EDGE_LOOP('',(#2585,#2586,#2587,#2588));
#2590=FACE_OUTER_BOUND('',#2589,.T.);
#2591=AXIS2_PLACEMENT_3D('',#2436,#963,#70);
#2592=PLANE('',#2591);
#2593=ADVANCED_FACE('',(#2590),#2592,.T.);
#2594=CLOSED_SHELL('',(#2527,#2549,#2562,#2574,#2584,#2593));
#2595=MANIFOLD_SOLID_BREP('winding2_sector11',#2594);
#2596=CARTESIAN_POINT('',(-8.632077604,-6.5,5.51142874));
#2597=VERTEX_POINT('',#2596);
#2598=DIRECTION('',(0.638678575,0.0,-0.769473637));
#2599=VECTOR('',#2598,1.);
#2600=LINE('',#2504,#2599);
#2601=EDGE_CURVE('',#2505,#2597,#2600,.T.);
#2602=ORIENTED_EDGE(*,*,#2601,.T.);
#2603=CARTESIAN_POINT('',(-3.308963082,-6.5,10.304571496));
#2604=VERTEX_POINT('',#2603);
#2605=VECTOR('',#1118,1.);
#2606=LINE('',#2596,#2605);
#2607=EDGE_CURVE('',#2597,#2604,#2606,.T.);
#2608=ORIENTED_EDGE(*,*,#2607,.T.);
#2609=DIRECTION('',(0.622514637,0.0,-0.782608157));
#2610=VECTOR('',#2609,1.);
#2611=LINE('',#2511,#2610);
#2612=EDGE_CURVE('',#2512,#2604,#2611,.T.);
#2613=ORIENTED_EDGE(*,*,#2612,.F.);
#2614=ORIENTED_EDGE(*,*,#2515,.F.);
#2615=EDGE_LOOP('',(#2602,#2608,#2613,#2614));
#2616=FACE_OUTER_BOUND('',#2615,.T.);
#2617=AXIS2_PLACEMENT_3D('',#2504,#35,#36);
#2618=PLANE('',#2617);
#2619=ADVANCED_FACE('',(#2616),#2618,.T.);
#2620=CARTESIAN_POINT('',(-3.308963082,6.5,10.304571496));
#2621=VERTEX_POINT('',#2620);
#2622=VECTOR('',#2609,1.);
#2623=LINE('',#2528,#2622);
#2624=EDGE_CURVE('',#2529,#2621,#2623,.T.);
#2625=ORIENTED_EDGE(*,*,#2624,.T.);
#2626=CARTESIAN_POINT('',(-8.632077604,6.5,5.51142874));
#2627=VERTEX_POINT('',#2626);
#2628=VECTOR('',#1094,1.);
#2629=LINE('',#2620,#2628);
#2630=EDGE_CURVE('',#2621,#2627,#2629,.T.);
#2631=ORIENTED_EDGE(*,*,#2630,.T.);
#2632=VECTOR('',#2598,1.);
#2633=LINE('',#2534,#2632);
#2634=EDGE_CURVE('',#2535,#2627,#2633,.T.);
#2635=ORIENTED_EDGE(*,*,#2634,.F.);
#2636=ORIENTED_EDGE(*,*,#2538,.F.);
#2637=EDGE_LOOP('',(#2625,#2631,#2635,#2636));
#2638=FACE_OUTER_BOUND('',#2637,.T.);
#2639=AXIS2_PLACEMENT_3D('',#2528,#70,#3);
#2640=PLANE('',#2639);
#2641=ADVANCED_FACE('',(#2638),#2640,.T.);
#2642=ORIENTED_EDGE(*,*,#2634,.T.);
#2643=VECTOR('',#70,1.);
#2644=LINE('',#2596,#2643);
#2645=EDGE_CURVE('',#2597,#2627,#2644,.T.);
#2646=ORIENTED_EDGE(*,*,#2645,.F.);
#2647=ORIENTED_EDGE(*,*,#2601,.F.);
#2648=ORIENTED_EDGE(*,*,#2553,.T.);
#2649=EDGE_LOOP('',(#2642,#2646,#2647,#2648));
#2650=FACE_OUTER_BOUND('',#2649,.T.);
#2651=DIRECTION('',(-0.769473637,0.0,-0.638678575));
#2652=AXIS2_PLACEMENT_3D('',#2534,#2651,#70);
#2653=PLANE('',#2652);
#2654=ADVANCED_FACE('',(#2650),#2653,.T.);
#2655=ORIENTED_EDGE(*,*,#2630,.F.);
#2656=VECTOR('',#70,1.);
#2657=LINE('',#2603,#2656);
#2658=EDGE_CURVE('',#2604,#2621,#2657,.T.);
#2659=ORIENTED_EDGE(*,*,#2658,.F.);
#2660=ORIENTED_EDGE(*,*,#2607,.F.);
#2661=ORIENTED_EDGE(*,*,#2645,.T.);
#2662=EDGE_LOOP('',(#2655,#2659,#2660,#2661));
#2663=FACE_OUTER_BOUND('',#2662,.T.);
#2664=AXIS2_PLACEMENT_3D('',#2626,#1271,#35);
#2665=PLANE('',#2664);
#2666=ADVANCED_FACE('',(#2663),#2665,.T.);
#2667=ORIENTED_EDGE(*,*,#2624,.F.);
#2668=ORIENTED_EDGE(*,*,#2566,.F.);
#2669=ORIENTED_EDGE(*,*,#2612,.T.);
#2670=ORIENTED_EDGE(*,*,#2658,.T.);
#2671=EDGE_LOOP('',(#2667,#2668,#2669,#2670));
#2672=FACE_OUTER_BOUND('',#2671,.T.);
#2673=DIRECTION('',(0.782608157,0.0,0.622514637));
#2674=AXIS2_PLACEMENT_3D('',#2620,#2673,#35);
#2675=PLANE('',#2674);
#2676=ADVANCED_FACE('',(#2672),#2675,.T.);
#2677=ORIENTED_EDGE(*,*,#2538,.T.);
#2678=ORIENTED_EDGE(*,*,#2553,.F.);
#2679=ORIENTED_EDGE(*,*,#2515,.T.);
#2680=ORIENTED_EDGE(*,*,#2566,.T.);
#2681=EDGE_LOOP('',(#2677,#2678,#2679,#2680));
#2682=FACE_OUTER_BOUND('',#2681,.T.);
#2683=AXIS2_PLACEMENT_3D('',#2528,#1059,#70);
#2684=PLANE('',#2683);
#2685=ADVANCED_FACE('',(#2682),#2684,.T.);
#2686=CLOSED_SHELL('',(#2619,#2641,#2654,#2666,#2676,#2685));
#2687=MANIFOLD_SOLID_BREP('winding2_sector12',#2686);
#2688=CARTESIAN_POINT('',(-6.882917236,-6.5,4.079751491));
#2689=VERTEX_POINT('',#2688);
#2690=DIRECTION('',(0.773838892,0.0,-0.633382483));
#2691=VECTOR('',#2690,1.);
#2692=LINE('',#2596,#2691);
#2693=EDGE_CURVE('',#2597,#2689,#2692,.T.);
#2694=ORIENTED_EDGE(*,*,#2693,.T.);
#2695=CARTESIAN_POINT('',(-2.638451607,-6.5,9.731900596));
#2696=VERTEX_POINT('',#2695);
#2697=VECTOR('',#1214,1.);
#2698=LINE('',#2688,#2697);
#2699=EDGE_CURVE('',#2689,#2696,#2698,.T.);
#2700=ORIENTED_EDGE(*,*,#2699,.T.);
#2701=DIRECTION('',(0.760405966,0.0,-0.649448048));
#2702=VECTOR('',#2701,1.);
#2703=LINE('',#2603,#2702);
#2704=EDGE_CURVE('',#2604,#2696,#2703,.T.);
#2705=ORIENTED_EDGE(*,*,#2704,.F.);
#2706=ORIENTED_EDGE(*,*,#2607,.F.);
#2707=EDGE_LOOP('',(#2694,#2700,#2705,#2706));
#2708=FACE_OUTER_BOUND('',#2707,.T.);
#2709=AXIS2_PLACEMENT_3D('',#2596,#35,#36);
#2710=PLANE('',#2709);
#2711=ADVANCED_FACE('',(#2708),#2710,.T.);
#2712=CARTESIAN_POINT('',(-2.638451607,6.5,9.731900596));
#2713=VERTEX_POINT('',#2712);
#2714=VECTOR('',#2701,1.);
#2715=LINE('',#2620,#2714);
#2716=EDGE_CURVE('',#2621,#2713,#2715,.T.);
#2717=ORIENTED_EDGE(*,*,#2716,.T.);
#2718=CARTESIAN_POINT('',(-6.882917236,6.5,4.079751491));
#2719=VERTEX_POINT('',#2718);
#2720=VECTOR('',#1190,1.);
#2721=LINE('',#2712,#2720);
#2722=EDGE_CURVE('',#2713,#2719,#2721,.T.);
#2723=ORIENTED_EDGE(*,*,#2722,.T.);
#2724=VECTOR('',#2690,1.);
#2725=LINE('',#2626,#2724);
#2726=EDGE_CURVE('',#2627,#2719,#2725,.T.);
#2727=ORIENTED_EDGE(*,*,#2726,.F.);
#2728=ORIENTED_EDGE(*,*,#2630,.F.);
#2729=EDGE_LOOP('',(#2717,#2723,#2727,#2728));
#2730=FACE_OUTER_BOUND('',#2729,.T.);
#2731=AXIS2_PLACEMENT_3D('',#2620,#70,#3);
#2732=PLANE('',#2731);
#2733=ADVANCED_FACE('',(#2730),#2732,.T.);
#2734=ORIENTED_EDGE(*,*,#2726,.T.);
#2735=VECTOR('',#70,1.);
#2736=LINE('',#2688,#2735);
#2737=EDGE_CURVE('',#2689,#2719,#2736,.T.);
#2738=ORIENTED_EDGE(*,*,#2737,.F.);
#2739=ORIENTED_EDGE(*,*,#2693,.F.);
#2740=ORIENTED_EDGE(*,*,#2645,.T.);
#2741=EDGE_LOOP('',(#2734,#2738,#2739,#2740));
#2742=FACE_OUTER_BOUND('',#2741,.T.);
#2743=DIRECTION('',(-0.633382483,0.0,-0.773838892));
#2744=AXIS2_PLACEMENT_3D('',#2626,#2743,#70);
#2745=PLANE('',#2744);
#2746=ADVANCED_FACE('',(#2742),#2745,.T.);
#2747=ORIENTED_EDGE(*,*,#2722,.F.);
#2748=VECTOR('',#70,1.);
#2749=LINE('',#2695,#2748);
#2750=EDGE_CURVE('',#2696,#2713,#2749,.T.);
#2751=ORIENTED_EDGE(*,*,#2750,.F.);
#2752=ORIENTED_EDGE(*,*,#2699,.F.);
#2753=ORIENTED_EDGE(*,*,#2737,.T.);
#2754=EDGE_LOOP('',(#2747,#2751,#2752,#2753));
#2755=FACE_OUTER_BOUND('',#2754,.T.);
#2756=AXIS2_PLACEMENT_3D('',#2718,#1367,#35);
#2757=PLANE('',#2756);
#2758=ADVANCED_FACE('',(#2755),#2757,.T.);
#2759=ORIENTED_EDGE(*,*,#2716,.F.);
#2760=ORIENTED_EDGE(*,*,#2658,.F.);
#2761=ORIENTED_EDGE(*,*,#2704,.T.);
#2762=ORIENTED_EDGE(*,*,#2750,.T.);
#2763=EDGE_LOOP('',(#2759,#2760,#2761,#2762));
#2764=FACE_OUTER_BOUND('',#2763,.T.);
#2765=DIRECTION('',(0.649448048,0.0,0.760405966));
#2766=AXIS2_PLACEMENT_3D('',#2712,#2765,#35);
#2767=PLANE('',#2766);
#2768=ADVANCED_FACE('',(#2764),#2767,.T.);
#2769=ORIENTED_EDGE(*,*,#2630,.T.);
#2770=ORIENTED_EDGE(*,*,#2645,.F.);
#2771=ORIENTED_EDGE(*,*,#2607,.T.);
#2772=ORIENTED_EDGE(*,*,#2658,.T.);
#2773=EDGE_LOOP('',(#2769,#2770,#2771,#2772));
#2774=FACE_OUTER_BOUND('',#2773,.T.);
#2775=AXIS2_PLACEMENT_3D('',#2620,#1155,#70);
#2776=PLANE('',#2775);
#2777=ADVANCED_FACE('',(#2774),#2776,.T.);
#2778=CLOSED_SHELL('',(#2711,#2733,#2746,#2758,#2768,#2777));
#2779=MANIFOLD_SOLID_BREP('winding2_sector13',#2778);
#2780=CARTESIAN_POINT('',(-4.880839717,-6.5,2.994227237));
#2781=VERTEX_POINT('',#2780);
#2782=DIRECTION('',(0.879095941,0.0,-0.476644863));
#2783=VECTOR('',#2782,1.);
#2784=LINE('',#2688,#2783);
#2785=EDGE_CURVE('',#2689,#2781,#2784,.T.);
#2786=ORIENTED_EDGE(*,*,#2785,.T.);
#2787=CARTESIAN_POINT('',(-1.870988558,-6.5,9.297690895));
#2788=VERTEX_POINT('',#2787);
#2789=VECTOR('',#1310,1.);
#2790=LINE('',#2780,#2789);
#2791=EDGE_CURVE('',#2781,#2788,#2790,.T.);
#2792=ORIENTED_EDGE(*,*,#2791,.T.);
#2793=DIRECTION('',(0.870355696,0.0,-0.49242356));
#2794=VECTOR('',#2793,1.);
#2795=LINE('',#2695,#2794);
#2796=EDGE_CURVE('',#2696,#2788,#2795,.T.);
#2797=ORIENTED_EDGE(*,*,#2796,.F.);
#2798=ORIENTED_EDGE(*,*,#2699,.F.);
#2799=EDGE_LOOP('',(#2786,#2792,#2797,#2798));
#2800=FACE_OUTER_BOUND('',#2799,.T.);
#2801=AXIS2_PLACEMENT_3D('',#2688,#35,#36);
#2802=PLANE('',#2801);
#2803=ADVANCED_FACE('',(#2800),#2802,.T.);
#2804=CARTESIAN_POINT('',(-1.870988558,6.5,9.297690895));
#2805=VERTEX_POINT('',#2804);
#2806=VECTOR('',#2793,1.);
#2807=LINE('',#2712,#2806);
#2808=EDGE_CURVE('',#2713,#2805,#2807,.T.);
#2809=ORIENTED_EDGE(*,*,#2808,.T.);
#2810=CARTESIAN_POINT('',(-4.880839717,6.5,2.994227237));
#2811=VERTEX_POINT('',#2810);
#2812=VECTOR('',#1286,1.);
#2813=LINE('',#2804,#2812);
#2814=EDGE_CURVE('',#2805,#2811,#2813,.T.);
#2815=ORIENTED_EDGE(*,*,#2814,.T.);
#2816=VECTOR('',#2782,1.);
#2817=LINE('',#2718,#2816);
#2818=EDGE_CURVE('',#2719,#2811,#2817,.T.);
#2819=ORIENTED_EDGE(*,*,#2818,.F.);
#2820=ORIENTED_EDGE(*,*,#2722,.F.);
#2821=EDGE_LOOP('',(#2809,#2815,#2819,#2820));
#2822=FACE_OUTER_BOUND('',#2821,.T.);
#2823=AXIS2_PLACEMENT_3D('',#2712,#70,#3);
#2824=PLANE('',#2823);
#2825=ADVANCED_FACE('',(#2822),#2824,.T.);
#2826=ORIENTED_EDGE(*,*,#2818,.T.);
#2827=VECTOR('',#70,1.);
#2828=LINE('',#2780,#2827);
#2829=EDGE_CURVE('',#2781,#2811,#2828,.T.);
#2830=ORIENTED_EDGE(*,*,#2829,.F.);
#2831=ORIENTED_EDGE(*,*,#2785,.F.);
#2832=ORIENTED_EDGE(*,*,#2737,.T.);
#2833=EDGE_LOOP('',(#2826,#2830,#2831,#2832));
#2834=FACE_OUTER_BOUND('',#2833,.T.);
#2835=DIRECTION('',(-0.476644863,0.0,-0.879095941));
#2836=AXIS2_PLACEMENT_3D('',#2718,#2835,#35);
#2837=PLANE('',#2836);
#2838=ADVANCED_FACE('',(#2834),#2837,.T.);
#2839=ORIENTED_EDGE(*,*,#2814,.F.);
#2840=VECTOR('',#70,1.);
#2841=LINE('',#2787,#2840);
#2842=EDGE_CURVE('',#2788,#2805,#2841,.T.);
#2843=ORIENTED_EDGE(*,*,#2842,.F.);
#2844=ORIENTED_EDGE(*,*,#2791,.F.);
#2845=ORIENTED_EDGE(*,*,#2829,.T.);
#2846=EDGE_LOOP('',(#2839,#2843,#2844,#2845));
#2847=FACE_OUTER_BOUND('',#2846,.T.);
#2848=AXIS2_PLACEMENT_3D('',#2810,#1463,#35);
#2849=PLANE('',#2848);
#2850=ADVANCED_FACE('',(#2847),#2849,.T.);
#2851=ORIENTED_EDGE(*,*,#2808,.F.);
#2852=ORIENTED_EDGE(*,*,#2750,.F.);
#2853=ORIENTED_EDGE(*,*,#2796,.T.);
#2854=ORIENTED_EDGE(*,*,#2842,.T.);
#2855=EDGE_LOOP('',(#2851,#2852,#2853,#2854));
#2856=FACE_OUTER_BOUND('',#2855,.T.);
#2857=DIRECTION('',(0.49242356,0.0,0.870355696));
#2858=AXIS2_PLACEMENT_3D('',#2804,#2857,#70);
#2859=PLANE('',#2858);
#2860=ADVANCED_FACE('',(#2856),#2859,.T.);
#2861=ORIENTED_EDGE(*,*,#2722,.T.);
#2862=ORIENTED_EDGE(*,*,#2737,.F.);
#2863=ORIENTED_EDGE(*,*,#2699,.T.);
#2864=ORIENTED_EDGE(*,*,#2750,.T.);
#2865=EDGE_LOOP('',(#2861,#2862,#2863,#2864));
#2866=FACE_OUTER_BOUND('',#2865,.T.);
#2867=AXIS2_PLACEMENT_3D('',#2712,#1251,#70);
#2868=PLANE('',#2867);
#2869=ADVANCED_FACE('',(#2866),#2868,.T.);
#2870=CLOSED_SHELL('',(#2803,#2825,#2838,#2850,#2860,#2869));
#2871=MANIFOLD_SOLID_BREP('winding2_sector14',#2870);
#2872=CARTESIAN_POINT('',(-2.699412652,-6.5,2.294744255));
#2873=VERTEX_POINT('',#2872);
#2874=DIRECTION('',(0.952243248,0.0,-0.305340461));
#2875=VECTOR('',#2874,1.);
#2876=LINE('',#2780,#2875);
#2877=EDGE_CURVE('',#2781,#2873,#2876,.T.);
#2878=ORIENTED_EDGE(*,*,#2877,.T.);
#2879=CARTESIAN_POINT('',(-1.03477485,-6.5,9.017897702));
#2880=VERTEX_POINT('',#2879);
#2881=VECTOR('',#1406,1.);
#2882=LINE('',#2872,#2881);
#2883=EDGE_CURVE('',#2873,#2880,#2882,.T.);
#2884=ORIENTED_EDGE(*,*,#2883,.T.);
#2885=DIRECTION('',(0.948323655,0.0,-0.317304656));
#2886=VECTOR('',#2885,1.);
#2887=LINE('',#2787,#2886);
#2888=EDGE_CURVE('',#2788,#2880,#2887,.T.);
#2889=ORIENTED_EDGE(*,*,#2888,.F.);
#2890=ORIENTED_EDGE(*,*,#2791,.F.);
#2891=EDGE_LOOP('',(#2878,#2884,#2889,#2890));
#2892=FACE_OUTER_BOUND('',#2891,.T.);
#2893=AXIS2_PLACEMENT_3D('',#2780,#35,#36);
#2894=PLANE('',#2893);
#2895=ADVANCED_FACE('',(#2892),#2894,.T.);
#2896=CARTESIAN_POINT('',(-1.03477485,6.5,9.017897702));
#2897=VERTEX_POINT('',#2896);
#2898=VECTOR('',#2885,1.);
#2899=LINE('',#2804,#2898);
#2900=EDGE_CURVE('',#2805,#2897,#2899,.T.);
#2901=ORIENTED_EDGE(*,*,#2900,.T.);
#2902=CARTESIAN_POINT('',(-2.699412652,6.5,2.294744255));
#2903=VERTEX_POINT('',#2902);
#2904=VECTOR('',#1382,1.);
#2905=LINE('',#2896,#2904);
#2906=EDGE_CURVE('',#2897,#2903,#2905,.T.);
#2907=ORIENTED_EDGE(*,*,#2906,.T.);
#2908=VECTOR('',#2874,1.);
#2909=LINE('',#2810,#2908);
#2910=EDGE_CURVE('',#2811,#2903,#2909,.T.);
#2911=ORIENTED_EDGE(*,*,#2910,.F.);
#2912=ORIENTED_EDGE(*,*,#2814,.F.);
#2913=EDGE_LOOP('',(#2901,#2907,#2911,#2912));
#2914=FACE_OUTER_BOUND('',#2913,.T.);
#2915=AXIS2_PLACEMENT_3D('',#2804,#70,#3);
#2916=PLANE('',#2915);
#2917=ADVANCED_FACE('',(#2914),#2916,.T.);
#2918=ORIENTED_EDGE(*,*,#2910,.T.);
#2919=VECTOR('',#70,1.);
#2920=LINE('',#2872,#2919);
#2921=EDGE_CURVE('',#2873,#2903,#2920,.T.);
#2922=ORIENTED_EDGE(*,*,#2921,.F.);
#2923=ORIENTED_EDGE(*,*,#2877,.F.);
#2924=ORIENTED_EDGE(*,*,#2829,.T.);
#2925=EDGE_LOOP('',(#2918,#2922,#2923,#2924));
#2926=FACE_OUTER_BOUND('',#2925,.T.);
#2927=DIRECTION('',(-0.305340461,0.0,-0.952243248));
#2928=AXIS2_PLACEMENT_3D('',#2810,#2927,#35);
#2929=PLANE('',#2928);
#2930=ADVANCED_FACE('',(#2926),#2929,.T.);
#2931=ORIENTED_EDGE(*,*,#2906,.F.);
#2932=VECTOR('',#70,1.);
#2933=LINE('',#2879,#2932);
#2934=EDGE_CURVE('',#2880,#2897,#2933,.T.);
#2935=ORIENTED_EDGE(*,*,#2934,.F.);
#2936=ORIENTED_EDGE(*,*,#2883,.F.);
#2937=ORIENTED_EDGE(*,*,#2921,.T.);
#2938=EDGE_LOOP('',(#2931,#2935,#2936,#2937));
#2939=FACE_OUTER_BOUND('',#2938,.T.);
#2940=AXIS2_PLACEMENT_3D('',#2902,#1559,#35);
#2941=PLANE('',#2940);
#2942=ADVANCED_FACE('',(#2939),#2941,.T.);
#2943=ORIENTED_EDGE(*,*,#2900,.F.);
#2944=ORIENTED_EDGE(*,*,#2842,.F.);
#2945=ORIENTED_EDGE(*,*,#2888,.T.);
#2946=ORIENTED_EDGE(*,*,#2934,.T.);
#2947=EDGE_LOOP('',(#2943,#2944,#2945,#2946));
#2948=FACE_OUTER_BOUND('',#2947,.T.);
#2949=DIRECTION('',(0.317304656,0.0,0.948323655));
#2950=AXIS2_PLACEMENT_3D('',#2896,#2949,#70);
#2951=PLANE('',#2950);
#2952=ADVANCED_FACE('',(#2948),#2951,.T.);
#2953=ORIENTED_EDGE(*,*,#2814,.T.);
#2954=ORIENTED_EDGE(*,*,#2829,.F.);
#2955=ORIENTED_EDGE(*,*,#2791,.T.);
#2956=ORIENTED_EDGE(*,*,#2842,.T.);
#2957=EDGE_LOOP('',(#2953,#2954,#2955,#2956));
#2958=FACE_OUTER_BOUND('',#2957,.T.);
#2959=AXIS2_PLACEMENT_3D('',#2804,#1347,#70);
#2960=PLANE('',#2959);
#2961=ADVANCED_FACE('',(#2958),#2960,.T.);
#2962=CLOSED_SHELL('',(#2895,#2917,#2930,#2942,#2952,#2961));
#2963=MANIFOLD_SOLID_BREP('winding2_sector15',#2962);
#2964=CARTESIAN_POINT('',(-0.41879396,-6.5,2.007005489));
#2965=VERTEX_POINT('',#2964);
#2966=DIRECTION('',(0.992134724,0.0,-0.125174639));
#2967=VECTOR('',#2966,1.);
#2968=LINE('',#2872,#2967);
#2969=EDGE_CURVE('',#2873,#2965,#2968,.T.);
#2970=ORIENTED_EDGE(*,*,#2969,.T.);
#2971=CARTESIAN_POINT('',(-0.160537685,-6.5,8.902802196));
#2972=VERTEX_POINT('',#2971);
#2973=VECTOR('',#1502,1.);
#2974=LINE('',#2964,#2973);
#2975=EDGE_CURVE('',#2965,#2972,#2974,.T.);
#2976=ORIENTED_EDGE(*,*,#2975,.T.);
#2977=DIRECTION('',(0.991444861,0.0,-0.130526192));
#2978=VECTOR('',#2977,1.);
#2979=LINE('',#2879,#2978);
#2980=EDGE_CURVE('',#2880,#2972,#2979,.T.);
#2981=ORIENTED_EDGE(*,*,#2980,.F.);
#2982=ORIENTED_EDGE(*,*,#2883,.F.);
#2983=EDGE_LOOP('',(#2970,#2976,#2981,#2982));
#2984=FACE_OUTER_BOUND('',#2983,.T.);
#2985=AXIS2_PLACEMENT_3D('',#2872,#35,#36);
#2986=PLANE('',#2985);
#2987=ADVANCED_FACE('',(#2984),#2986,.T.);
#2988=CARTESIAN_POINT('',(-0.160537685,6.5,8.902802196));
#2989=VERTEX_POINT('',#2988);
#2990=VECTOR('',#2977,1.);
#2991=LINE('',#2896,#2990);
#2992=EDGE_CURVE('',#2897,#2989,#2991,.T.);
#2993=ORIENTED_EDGE(*,*,#2992,.T.);
#2994=CARTESIAN_POINT('',(-0.41879396,6.5,2.007005489));
#2995=VERTEX_POINT('',#2994);
#2996=VECTOR('',#1478,1.);
#2997=LINE('',#2988,#2996);
#2998=EDGE_CURVE('',#2989,#2995,#2997,.T.);
#2999=ORIENTED_EDGE(*,*,#2998,.T.);
#3000=VECTOR('',#2966,1.);
#3001=LINE('',#2902,#3000);
#3002=EDGE_CURVE('',#2903,#2995,#3001,.T.);
#3003=ORIENTED_EDGE(*,*,#3002,.F.);
#3004=ORIENTED_EDGE(*,*,#2906,.F.);
#3005=EDGE_LOOP('',(#2993,#2999,#3003,#3004));
#3006=FACE_OUTER_BOUND('',#3005,.T.);
#3007=AXIS2_PLACEMENT_3D('',#2896,#70,#3);
#3008=PLANE('',#3007);
#3009=ADVANCED_FACE('',(#3006),#3008,.T.);
#3010=ORIENTED_EDGE(*,*,#3002,.T.);
#3011=VECTOR('',#70,1.);
#3012=LINE('',#2964,#3011);
#3013=EDGE_CURVE('',#2965,#2995,#3012,.T.);
#3014=ORIENTED_EDGE(*,*,#3013,.F.);
#3015=ORIENTED_EDGE(*,*,#2969,.F.);
#3016=ORIENTED_EDGE(*,*,#2921,.T.);
#3017=EDGE_LOOP('',(#3010,#3014,#3015,#3016));
#3018=FACE_OUTER_BOUND('',#3017,.T.);
#3019=DIRECTION('',(-0.125174639,0.0,-0.992134724));
#3020=AXIS2_PLACEMENT_3D('',#2902,#3019,#35);
#3021=PLANE('',#3020);
#3022=ADVANCED_FACE('',(#3018),#3021,.T.);
#3023=ORIENTED_EDGE(*,*,#2998,.F.);
#3024=VECTOR('',#70,1.);
#3025=LINE('',#2971,#3024);
#3026=EDGE_CURVE('',#2972,#2989,#3025,.T.);
#3027=ORIENTED_EDGE(*,*,#3026,.F.);
#3028=ORIENTED_EDGE(*,*,#2975,.F.);
#3029=ORIENTED_EDGE(*,*,#3013,.T.);
#3030=EDGE_LOOP('',(#3023,#3027,#3028,#3029));
#3031=FACE_OUTER_BOUND('',#3030,.T.);
#3032=DIRECTION('',(0.999299438,0.0,-0.037425023));
#3033=AXIS2_PLACEMENT_3D('',#2994,#3032,#35);
#3034=PLANE('',#3033);
#3035=ADVANCED_FACE('',(#3031),#3034,.T.);
#3036=ORIENTED_EDGE(*,*,#2992,.F.);
#3037=ORIENTED_EDGE(*,*,#2934,.F.);
#3038=ORIENTED_EDGE(*,*,#2980,.T.);
#3039=ORIENTED_EDGE(*,*,#3026,.T.);
#3040=EDGE_LOOP('',(#3036,#3037,#3038,#3039));
#3041=FACE_OUTER_BOUND('',#3040,.T.);
#3042=DIRECTION('',(0.130526192,0.0,0.991444861));
#3043=AXIS2_PLACEMENT_3D('',#2988,#3042,#70);
#3044=PLANE('',#3043);
#3045=ADVANCED_FACE('',(#3041),#3044,.T.);
#3046=ORIENTED_EDGE(*,*,#2906,.T.);
#3047=ORIENTED_EDGE(*,*,#2921,.F.);
#3048=ORIENTED_EDGE(*,*,#2883,.T.);
#3049=ORIENTED_EDGE(*,*,#2934,.T.);
#3050=EDGE_LOOP('',(#3046,#3047,#3048,#3049));
#3051=FACE_OUTER_BOUND('',#3050,.T.);
#3052=AXIS2_PLACEMENT_3D('',#2896,#1443,#70);
#3053=PLANE('',#3052);
#3054=ADVANCED_FACE('',(#3051),#3053,.T.);
#3055=CLOSED_SHELL('',(#2987,#3009,#3022,#3035,#3045,#3054));
#3056=MANIFOLD_SOLID_BREP('winding2_sector16',#3055);
#3057=CARTESIAN_POINT('',(-0.5,-6.5,2.0));
#3058=VERTEX_POINT('',#3057);
#3059=CARTESIAN_POINT('',(0.5,-6.5,2.0));
#3060=VERTEX_POINT('',#3059);
#3061=VECTOR('',#3,1.);
#3062=LINE('',#3057,#3061);
#3063=EDGE_CURVE('',#3058,#3060,#3062,.T.);
#3064=ORIENTED_EDGE(*,*,#3063,.T.);
#3065=CARTESIAN_POINT('',(0.5,-6.5,25.0));
#3066=VERTEX_POINT('',#3065);
#3067=VECTOR('',#2,1.);
#3068=LINE('',#3059,#3067);
#3069=EDGE_CURVE('',#3060,#3066,#3068,.T.);
#3070=ORIENTED_EDGE(*,*,#3069,.T.);
#3071=CARTESIAN_POINT('',(-0.5,-6.5,25.0));
#3072=VERTEX_POINT('',#3071);
#3073=VECTOR('',#36,1.);
#3074=LINE('',#3065,#3073);
#3075=EDGE_CURVE('',#3066,#3072,#3074,.T.);
#3076=ORIENTED_EDGE(*,*,#3075,.T.);
#3077=VECTOR('',#2,1.);
#3078=LINE('',#3057,#3077);
#3079=EDGE_CURVE('',#3058,#3072,#3078,.T.);
#3080=ORIENTED_EDGE(*,*,#3079,.F.);
#3081=EDGE_LOOP('',(#3064,#3070,#3076,#3080));
#3082=FACE_OUTER_BOUND('',#3081,.T.);
#3083=AXIS2_PLACEMENT_3D('',#3057,#35,#36);
#3084=PLANE('',#3083);
#3085=ADVANCED_FACE('',(#3082),#3084,.T.);
#3086=CARTESIAN_POINT('',(-0.5,6.5,25.0));
#3087=VERTEX_POINT('',#3086);
#3088=CARTESIAN_POINT('',(0.5,6.5,25.0));
#3089=VERTEX_POINT('',#3088);
#3090=VECTOR('',#3,1.);
#3091=LINE('',#3086,#3090);
#3092=EDGE_CURVE('',#3087,#3089,#3091,.T.);
#3093=ORIENTED_EDGE(*,*,#3092,.T.);
#3094=CARTESIAN_POINT('',(0.5,6.5,2.0));
#3095=VERTEX_POINT('',#3094);
#3096=VECTOR('',#887,1.);
#3097=LINE('',#3088,#3096);
#3098=EDGE_CURVE('',#3089,#3095,#3097,.T.);
#3099=ORIENTED_EDGE(*,*,#3098,.T.);
#3100=CARTESIAN_POINT('',(-0.5,6.5,2.0));
#3101=VERTEX_POINT('',#3100);
#3102=VECTOR('',#36,1.);
#3103=LINE('',#3094,#3102);
#3104=EDGE_CURVE('',#3095,#3101,#3103,.T.);
#3105=ORIENTED_EDGE(*,*,#3104,.T.);
#3106=VECTOR('',#887,1.);
#3107=LINE('',#3086,#3106);
#3108=EDGE_CURVE('',#3087,#3101,#3107,.T.);
#3109=ORIENTED_EDGE(*,*,#3108,.F.);
#3110=EDGE_LOOP('',(#3093,#3099,#3105,#3109));
#3111=FACE_OUTER_BOUND('',#3110,.T.);
#3112=AXIS2_PLACEMENT_3D('',#3086,#70,#3);
#3113=PLANE('',#3112);
#3114=ADVANCED_FACE('',(#3111),#3113,.T.);
#3115=ORIENTED_EDGE(*,*,#3104,.F.);
#3116=VECTOR('',#70,1.);
#3117=LINE('',#3059,#3116);
#3118=EDGE_CURVE('',#3060,#3095,#3117,.T.);
#3119=ORIENTED_EDGE(*,*,#3118,.F.);
#3120=ORIENTED_EDGE(*,*,#3063,.F.);
#3121=VECTOR('',#70,1.);
#3122=LINE('',#3057,#3121);
#3123=EDGE_CURVE('',#3058,#3101,#3122,.T.);
#3124=ORIENTED_EDGE(*,*,#3123,.T.);
#3125=EDGE_LOOP('',(#3115,#3119,#3120,#3124));
#3126=FACE_OUTER_BOUND('',#3125,.T.);
#3127=AXIS2_PLACEMENT_3D('',#3100,#887,#35);
#3128=PLANE('',#3127);
#3129=ADVANCED_FACE('',(#3126),#3128,.T.);
#3130=ORIENTED_EDGE(*,*,#3098,.F.);
#3131=VECTOR('',#70,1.);
#3132=LINE('',#3065,#3131);
#3133=EDGE_CURVE('',#3066,#3089,#3132,.T.);
#3134=ORIENTED_EDGE(*,*,#3133,.F.);
#3135=ORIENTED_EDGE(*,*,#3069,.F.);
#3136=ORIENTED_EDGE(*,*,#3118,.T.);
#3137=EDGE_LOOP('',(#3130,#3134,#3135,#3136));
#3138=FACE_OUTER_BOUND('',#3137,.T.);
#3139=AXIS2_PLACEMENT_3D('',#3094,#3,#35);
#3140=PLANE('',#3139);
#3141=ADVANCED_FACE('',(#3138),#3140,.T.);
#3142=ORIENTED_EDGE(*,*,#3092,.F.);
#3143=VECTOR('',#70,1.);
#3144=LINE('',#3071,#3143);
#3145=EDGE_CURVE('',#3072,#3087,#3144,.T.);
#3146=ORIENTED_EDGE(*,*,#3145,.F.);
#3147=ORIENTED_EDGE(*,*,#3075,.F.);
#3148=ORIENTED_EDGE(*,*,#3133,.T.);
#3149=EDGE_LOOP('',(#3142,#3146,#3147,#3148));
#3150=FACE_OUTER_BOUND('',#3149,.T.);
#3151=AXIS2_PLACEMENT_3D('',#3088,#2,#70);
#3152=PLANE('',#3151);
#3153=ADVANCED_FACE('',(#3150),#3152,.T.);
#3154=ORIENTED_EDGE(*,*,#3108,.T.);
#3155=ORIENTED_EDGE(*,*,#3123,.F.);
#3156=ORIENTED_EDGE(*,*,#3079,.T.);
#3157=ORIENTED_EDGE(*,*,#3145,.T.);
#3158=EDGE_LOOP('',(#3154,#3155,#3156,#3157));
#3159=FACE_OUTER_BOUND('',#3158,.T.);
#3160=AXIS2_PLACEMENT_3D('',#3086,#36,#70);
#3161=PLANE('',#3160);
#3162=ADVANCED_FACE('',(#3159),#3161,.T.);
#3163=CLOSED_SHELL('',(#3085,#3114,#3129,#3141,#3153,#3162));
#3164=MANIFOLD_SOLID_BREP('separator',#3163);
#3165=CARTESIAN_POINT('',(-8.946891109,4.325,-3.4));
#3166=VERTEX_POINT('',#3165);
#3167=CARTESIAN_POINT('',(-9.075,4.196891109,-3.4));
#3168=VERTEX_POINT('',#3167);
#3169=DIRECTION('',(-0.707106781,-0.707106781,0.0));
#3170=VECTOR('',#3169,1.);
#3171=LINE('',#3165,#3170);
#3172=EDGE_CURVE('',#3166,#3168,#3171,.T.);
#3173=ORIENTED_EDGE(*,*,#3172,.T.);
#3174=CARTESIAN_POINT('',(-9.25,4.15,-3.4));
#3175=VERTEX_POINT('',#3174);
#3176=DIRECTION('',(-0.965925826,-0.258819045,0.0));
#3177=VECTOR('',#3176,1.);
#3178=LINE('',#3167,#3177);
#3179=EDGE_CURVE('',#3168,#3175,#3178,.T.);
#3180=ORIENTED_EDGE(*,*,#3179,.T.);
#3181=CARTESIAN_POINT('',(-9.425,4.196891109,-3.4));
#3182=VERTEX_POINT('',#3181);
#3183=DIRECTION('',(-0.965925826,0.258819045,0.0));
#3184=VECTOR('',#3183,1.);
#3185=LINE('',#3174,#3184);
#3186=EDGE_CURVE('',#3175,#3182,#3185,.T.);
#3187=ORIENTED_EDGE(*,*,#3186,.T.);
#3188=CARTESIAN_POINT('',(-9.553108891,4.325,-3.4));
#3189=VERTEX_POINT('',#3188);
#3190=DIRECTION('',(-0.707106781,0.707106781,0.0));
#3191=VECTOR('',#3190,1.);
#3192=LINE('',#3181,#3191);
#3193=EDGE_CURVE('',#3182,#3189,#3192,.T.);
#3194=ORIENTED_EDGE(*,*,#3193,.T.);
#3195=CARTESIAN_POINT('',(-9.6,4.5,-3.4));
#3196=VERTEX_POINT('',#3195);
#3197=DIRECTION('',(-0.258819045,0.965925826,0.0));
#3198=VECTOR('',#3197,1.);
#3199=LINE('',#3188,#3198);
#3200=EDGE_CURVE('',#3189,#3196,#3199,.T.);
#3201=ORIENTED_EDGE(*,*,#3200,.T.);
#3202=CARTESIAN_POINT('',(-9.553108891,4.675,-3.4));
#3203=VERTEX_POINT('',#3202);
#3204=DIRECTION('',(0.258819045,0.965925826,0.0));
#3205=VECTOR('',#3204,1.);
#3206=LINE('',#3195,#3205);
#3207=EDGE_CURVE('',#3196,#3203,#3206,.T.);
#3208=ORIENTED_EDGE(*,*,#3207,.T.);
#3209=CARTESIAN_POINT('',(-9.425,4.803108891,-3.4));
#3210=VERTEX_POINT('',#3209);
#3211=DIRECTION('',(0.707106781,0.707106781,0.0));
#3212=VECTOR('',#3211,1.);
#3213=LINE('',#3202,#3212);
#3214=EDGE_CURVE('',#3203,#3210,#3213,.T.);
#3215=ORIENTED_EDGE(*,*,#3214,.T.);
#3216=CARTESIAN_POINT('',(-9.25,4.85,-3.4));
#3217=VERTEX_POINT('',#3216);
#3218=DIRECTION('',(0.965925826,0.258819045,0.0));
#3219=VECTOR('',#3218,1.);
#3220=LINE('',#3209,#3219);
#3221=EDGE_CURVE('',#3210,#3217,#3220,.T.);
#3222=ORIENTED_EDGE(*,*,#3221,.T.);
#3223=CARTESIAN_POINT('',(-9.075,4.803108891,-3.4));
#3224=VERTEX_POINT('',#3223);
#3225=DIRECTION('',(0.965925826,-0.258819045,0.0));
#3226=VECTOR('',#3225,1.);
#3227=LINE('',#3216,#3226);
#3228=EDGE_CURVE('',#3217,#3224,#3227,.T.);
#3229=ORIENTED_EDGE(*,*,#3228,.T.);
#3230=CARTESIAN_POINT('',(-8.946891109,4.675,-3.4));
#3231=VERTEX_POINT('',#3230);
#3232=DIRECTION('',(0.707106781,-0.707106781,0.0));
#3233=VECTOR('',#3232,1.);
#3234=LINE('',#3223,#3233);
#3235=EDGE_CURVE('',#3224,#3231,#3234,.T.);
#3236=ORIENTED_EDGE(*,*,#3235,.T.);
#3237=CARTESIAN_POINT('',(-8.9,4.5,-3.4));
#3238=VERTEX_POINT('',#3237);
#3239=DIRECTION('',(0.258819045,-0.965925826,0.0));
#3240=VECTOR('',#3239,1.);
#3241=LINE('',#3230,#3240);
#3242=EDGE_CURVE('',#3231,#3238,#3241,.T.);
#3243=ORIENTED_EDGE(*,*,#3242,.T.);
#3244=VECTOR('',#3204,1.);
#3245=LINE('',#3165,#3244);
#3246=EDGE_CURVE('',#3166,#3238,#3245,.T.);
#3247=ORIENTED_EDGE(*,*,#3246,.F.);
#3248=EDGE_LOOP('',(#3173,#3180,#3187,#3194,#3201,#3208,#3215,#3222,#3229,#3236,#3243,#3247));
#3249=FACE_OUTER_BOUND('',#3248,.T.);
#3250=AXIS2_PLACEMENT_3D('',#3165,#887,#35);
#3251=PLANE('',#3250);
#3252=ADVANCED_FACE('',(#3249),#3251,.T.);
#3253=CARTESIAN_POINT('',(-8.9,4.5,8.0));
#3254=VERTEX_POINT('',#3253);
#3255=CARTESIAN_POINT('',(-8.946891109,4.675,8.0));
#3256=VERTEX_POINT('',#3255);
#3257=VECTOR('',#3197,1.);
#3258=LINE('',#3253,#3257);
#3259=EDGE_CURVE('',#3254,#3256,#3258,.T.);
#3260=ORIENTED_EDGE(*,*,#3259,.T.);
#3261=CARTESIAN_POINT('',(-9.075,4.803108891,8.0));
#3262=VERTEX_POINT('',#3261);
#3263=VECTOR('',#3190,1.);
#3264=LINE('',#3255,#3263);
#3265=EDGE_CURVE('',#3256,#3262,#3264,.T.);
#3266=ORIENTED_EDGE(*,*,#3265,.T.);
#3267=CARTESIAN_POINT('',(-9.25,4.85,8.0));
#3268=VERTEX_POINT('',#3267);
#3269=VECTOR('',#3183,1.);
#3270=LINE('',#3261,#3269);
#3271=EDGE_CURVE('',#3262,#3268,#3270,.T.);
#3272=ORIENTED_EDGE(*,*,#3271,.T.);
#3273=CARTESIAN_POINT('',(-9.425,4.803108891,8.0));
#3274=VERTEX_POINT('',#3273);
#3275=VECTOR('',#3176,1.);
#3276=LINE('',#3267,#3275);
#3277=EDGE_CURVE('',#3268,#3274,#3276,.T.);
#3278=ORIENTED_EDGE(*,*,#3277,.T.);
#3279=CARTESIAN_POINT('',(-9.553108891,4.675,8.0));
#3280=VERTEX_POINT('',#3279);
#3281=VECTOR('',#3169,1.);
#3282=LINE('',#3273,#3281);
#3283=EDGE_CURVE('',#3274,#3280,#3282,.T.);
#3284=ORIENTED_EDGE(*,*,#3283,.T.);
#3285=CARTESIAN_POINT('',(-9.6,4.5,8.0));
#3286=VERTEX_POINT('',#3285);
#3287=DIRECTION('',(-0.258819045,-0.965925826,0.0));
#3288=VECTOR('',#3287,1.);
#3289=LINE('',#3279,#3288);
#3290=EDGE_CURVE('',#3280,#3286,#3289,.T.);
#3291=ORIENTED_EDGE(*,*,#3290,.T.);
#3292=CARTESIAN_POINT('',(-9.553108891,4.325,8.0));
#3293=VERTEX_POINT('',#3292);
#3294=VECTOR('',#3239,1.);
#3295=LINE('',#3285,#3294);
#3296=EDGE_CURVE('',#3286,#3293,#3295,.T.);
#3297=ORIENTED_EDGE(*,*,#3296,.T.);
#3298=CARTESIAN_POINT('',(-9.425,4.196891109,8.0));
#3299=VERTEX_POINT('',#3298);
#3300=VECTOR('',#3232,1.);
#3301=LINE('',#3292,#3300);
#3302=EDGE_CURVE('',#3293,#3299,#3301,.T.);
#3303=ORIENTED_EDGE(*,*,#3302,.T.);
#3304=CARTESIAN_POINT('',(-9.25,4.15,8.0));
#3305=VERTEX_POINT('',#3304);
#3306=VECTOR('',#3225,1.);
#3307=LINE('',#3298,#3306);
#3308=EDGE_CURVE('',#3299,#3305,#3307,.T.);
#3309=ORIENTED_EDGE(*,*,#3308,.T.);
#3310=CARTESIAN_POINT('',(-9.075,4.196891109,8.0));
#3311=VERTEX_POINT('',#3310);
#3312=VECTOR('',#3218,1.);
#3313=LINE('',#3304,#3312);
#3314=EDGE_CURVE('',#3305,#3311,#3313,.T.);
#3315=ORIENTED_EDGE(*,*,#3314,.T.);
#3316=CARTESIAN_POINT('',(-8.946891109,4.325,8.0));
#3317=VERTEX_POINT('',#3316);
#3318=VECTOR('',#3211,1.);
#3319=LINE('',#3310,#3318);
#3320=EDGE_CURVE('',#3311,#3317,#3319,.T.);
#3321=ORIENTED_EDGE(*,*,#3320,.T.);
#3322=VECTOR('',#3287,1.);
#3323=LINE('',#3253,#3322);
#3324=EDGE_CURVE('',#3254,#3317,#3323,.T.);
#3325=ORIENTED_EDGE(*,*,#3324,.F.);
#3326=EDGE_LOOP('',(#3260,#3266,#3272,#3278,#3284,#3291,#3297,#3303,#3309,#3315,#3321,#3325));
#3327=FACE_OUTER_BOUND('',#3326,.T.);
#3328=AXIS2_PLACEMENT_3D('',#3253,#2,#70);
#3329=PLANE('',#3328);
#3330=ADVANCED_FACE('',(#3327),#3329,.T.);
#3331=ORIENTED_EDGE(*,*,#3242,.F.);
#3332=VECTOR('',#2,1.);
#3333=LINE('',#3230,#3332);
#3334=EDGE_CURVE('',#3231,#3256,#3333,.T.);
#3335=ORIENTED_EDGE(*,*,#3334,.T.);
#3336=ORIENTED_EDGE(*,*,#3259,.F.);
#3337=VECTOR('',#2,1.);
#3338=LINE('',#3237,#3337);
#3339=EDGE_CURVE('',#3238,#3254,#3338,.T.);
#3340=ORIENTED_EDGE(*,*,#3339,.F.);
#3341=EDGE_LOOP('',(#3331,#3335,#3336,#3340));
#3342=FACE_OUTER_BOUND('',#3341,.T.);
#3343=AXIS2_PLACEMENT_3D('',#3237,#3218,#3239);
#3344=PLANE('',#3343);
#3345=ADVANCED_FACE('',(#3342),#3344,.T.);
#3346=ORIENTED_EDGE(*,*,#3235,.F.);
#3347=VECTOR('',#2,1.);
#3348=LINE('',#3223,#3347);
#3349=EDGE_CURVE('',#3224,#3262,#3348,.T.);
#3350=ORIENTED_EDGE(*,*,#3349,.T.);
#3351=ORIENTED_EDGE(*,*,#3265,.F.);
#3352=ORIENTED_EDGE(*,*,#3334,.F.);
#3353=EDGE_LOOP('',(#3346,#3350,#3351,#3352));
#3354=FACE_OUTER_BOUND('',#3353,.T.);
#3355=AXIS2_PLACEMENT_3D('',#3230,#3211,#3232);
#3356=PLANE('',#3355);
#3357=ADVANCED_FACE('',(#3354),#3356,.T.);
#3358=ORIENTED_EDGE(*,*,#3228,.F.);
#3359=VECTOR('',#2,1.);
#3360=LINE('',#3216,#3359);
#3361=EDGE_CURVE('',#3217,#3268,#3360,.T.);
#3362=ORIENTED_EDGE(*,*,#3361,.T.);
#3363=ORIENTED_EDGE(*,*,#3271,.F.);
#3364=ORIENTED_EDGE(*,*,#3349,.F.);
#3365=EDGE_LOOP('',(#3358,#3362,#3363,#3364));
#3366=FACE_OUTER_BOUND('',#3365,.T.);
#3367=AXIS2_PLACEMENT_3D('',#3223,#3204,#3225);
#3368=PLANE('',#3367);
#3369=ADVANCED_FACE('',(#3366),#3368,.T.);
#3370=ORIENTED_EDGE(*,*,#3221,.F.);
#3371=VECTOR('',#2,1.);
#3372=LINE('',#3209,#3371);
#3373=EDGE_CURVE('',#3210,#3274,#3372,.T.);
#3374=ORIENTED_EDGE(*,*,#3373,.T.);
#3375=ORIENTED_EDGE(*,*,#3277,.F.);
#3376=ORIENTED_EDGE(*,*,#3361,.F.);
#3377=EDGE_LOOP('',(#3370,#3374,#3375,#3376));
#3378=FACE_OUTER_BOUND('',#3377,.T.);
#3379=AXIS2_PLACEMENT_3D('',#3216,#3197,#3218);
#3380=PLANE('',#3379);
#3381=ADVANCED_FACE('',(#3378),#3380,.T.);
#3382=ORIENTED_EDGE(*,*,#3214,.F.);
#3383=VECTOR('',#2,1.);
#3384=LINE('',#3202,#3383);
#3385=EDGE_CURVE('',#3203,#3280,#3384,.T.);
#3386=ORIENTED_EDGE(*,*,#3385,.T.);
#3387=ORIENTED_EDGE(*,*,#3283,.F.);
#3388=ORIENTED_EDGE(*,*,#3373,.F.);
#3389=EDGE_LOOP('',(#3382,#3386,#3387,#3388));
#3390=FACE_OUTER_BOUND('',#3389,.T.);
#3391=AXIS2_PLACEMENT_3D('',#3209,#3190,#3211);
#3392=PLANE('',#3391);
#3393=ADVANCED_FACE('',(#3390),#3392,.T.);
#3394=ORIENTED_EDGE(*,*,#3207,.F.);
#3395=VECTOR('',#2,1.);
#3396=LINE('',#3195,#3395);
#3397=EDGE_CURVE('',#3196,#3286,#3396,.T.);
#3398=ORIENTED_EDGE(*,*,#3397,.T.);
#3399=ORIENTED_EDGE(*,*,#3290,.F.);
#3400=ORIENTED_EDGE(*,*,#3385,.F.);
#3401=EDGE_LOOP('',(#3394,#3398,#3399,#3400));
#3402=FACE_OUTER_BOUND('',#3401,.T.);
#3403=AXIS2_PLACEMENT_3D('',#3202,#3183,#3204);
#3404=PLANE('',#3403);
#3405=ADVANCED_FACE('',(#3402),#3404,.T.);
#3406=ORIENTED_EDGE(*,*,#3200,.F.);
#3407=VECTOR('',#2,1.);
#3408=LINE('',#3188,#3407);
#3409=EDGE_CURVE('',#3189,#3293,#3408,.T.);
#3410=ORIENTED_EDGE(*,*,#3409,.T.);
#3411=ORIENTED_EDGE(*,*,#3296,.F.);
#3412=ORIENTED_EDGE(*,*,#3397,.F.);
#3413=EDGE_LOOP('',(#3406,#3410,#3411,#3412));
#3414=FACE_OUTER_BOUND('',#3413,.T.);
#3415=AXIS2_PLACEMENT_3D('',#3195,#3176,#3197);
#3416=PLANE('',#3415);
#3417=ADVANCED_FACE('',(#3414),#3416,.T.);
#3418=ORIENTED_EDGE(*,*,#3193,.F.);
#3419=VECTOR('',#2,1.);
#3420=LINE('',#3181,#3419);
#3421=EDGE_CURVE('',#3182,#3299,#3420,.T.);
#3422=ORIENTED_EDGE(*,*,#3421,.T.);
#3423=ORIENTED_EDGE(*,*,#3302,.F.);
#3424=ORIENTED_EDGE(*,*,#3409,.F.);
#3425=EDGE_LOOP('',(#3418,#3422,#3423,#3424));
#3426=FACE_OUTER_BOUND('',#3425,.T.);
#3427=AXIS2_PLACEMENT_3D('',#3188,#3169,#3190);
#3428=PLANE('',#3427);
#3429=ADVANCED_FACE('',(#3426),#3428,.T.);
#3430=ORIENTED_EDGE(*,*,#3186,.F.);
#3431=VECTOR('',#2,1.);
#3432=LINE('',#3174,#3431);
#3433=EDGE_CURVE('',#3175,#3305,#3432,.T.);
#3434=ORIENTED_EDGE(*,*,#3433,.T.);
#3435=ORIENTED_EDGE(*,*,#3308,.F.);
#3436=ORIENTED_EDGE(*,*,#3421,.F.);
#3437=EDGE_LOOP('',(#3430,#3434,#3435,#3436));
#3438=FACE_OUTER_BOUND('',#3437,.T.);
#3439=AXIS2_PLACEMENT_3D('',#3181,#3287,#3183);
#3440=PLANE('',#3439);
#3441=ADVANCED_FACE('',(#3438),#3440,.T.);
#3442=ORIENTED_EDGE(*,*,#3179,.F.);
#3443=VECTOR('',#2,1.);
#3444=LINE('',#3167,#3443);
#3445=EDGE_CURVE('',#3168,#3311,#3444,.T.);
#3446=ORIENTED_EDGE(*,*,#3445,.T.);
#3447=ORIENTED_EDGE(*,*,#3314,.F.);
#3448=ORIENTED_EDGE(*,*,#3433,.F.);
#3449=EDGE_LOOP('',(#3442,#3446,#3447,#3448));
#3450=FACE_OUTER_BOUND('',#3449,.T.);
#3451=AXIS2_PLACEMENT_3D('',#3174,#3239,#3176);
#3452=PLANE('',#3451);
#3453=ADVANCED_FACE('',(#3450),#3452,.T.);
#3454=ORIENTED_EDGE(*,*,#3172,.F.);
#3455=VECTOR('',#2,1.);
#3456=LINE('',#3165,#3455);
#3457=EDGE_CURVE('',#3166,#3317,#3456,.T.);
#3458=ORIENTED_EDGE(*,*,#3457,.T.);
#3459=ORIENTED_EDGE(*,*,#3320,.F.);
#3460=ORIENTED_EDGE(*,*,#3445,.F.);
#3461=EDGE_LOOP('',(#3454,#3458,#3459,#3460));
#3462=FACE_OUTER_BOUND('',#3461,.T.);
#3463=AXIS2_PLACEMENT_3D('',#3167,#3232,#3169);
#3464=PLANE('',#3463);
#3465=ADVANCED_FACE('',(#3462),#3464,.T.);
#3466=ORIENTED_EDGE(*,*,#3246,.T.);
#3467=ORIENTED_EDGE(*,*,#3339,.T.);
#3468=ORIENTED_EDGE(*,*,#3324,.T.);
#3469=ORIENTED_EDGE(*,*,#3457,.F.);
#3470=EDGE_LOOP('',(#3466,#3467,#3468,#3469));
#3471=FACE_OUTER_BOUND('',#3470,.T.);
#3472=AXIS2_PLACEMENT_3D('',#3165,#3225,#3287);
#3473=PLANE('',#3472);
#3474=ADVANCED_FACE('',(#3471),#3473,.T.);
#3475=CLOSED_SHELL('',(#3252,#3330,#3345,#3357,#3369,#3381,#3393,#3405,#3417,#3429,#3441,#3453,#3465,#3474));
#3476=MANIFOLD_SOLID_BREP('lead1',#3475);
#3477=CARTESIAN_POINT('',(-8.946891109,-4.675,-3.4));
#3478=VERTEX_POINT('',#3477);
#3479=CARTESIAN_POINT('',(-9.075,-4.803108891,-3.4));
#3480=VERTEX_POINT('',#3479);
#3481=VECTOR('',#3169,1.);
#3482=LINE('',#3477,#3481);
#3483=EDGE_CURVE('',#3478,#3480,#3482,.T.);
#3484=ORIENTED_EDGE(*,*,#3483,.T.);
#3485=CARTESIAN_POINT('',(-9.25,-4.85,-3.4));
#3486=VERTEX_POINT('',#3485);
#3487=VECTOR('',#3176,1.);
#3488=LINE('',#3479,#3487);
#3489=EDGE_CURVE('',#3480,#3486,#3488,.T.);
#3490=ORIENTED_EDGE(*,*,#3489,.T.);
#3491=CARTESIAN_POINT('',(-9.425,-4.803108891,-3.4));
#3492=VERTEX_POINT('',#3491);
#3493=VECTOR('',#3183,1.);
#3494=LINE('',#3485,#3493);
#3495=EDGE_CURVE('',#3486,#3492,#3494,.T.);
#3496=ORIENTED_EDGE(*,*,#3495,.T.);
#3497=CARTESIAN_POINT('',(-9.553108891,-4.675,-3.4));
#3498=VERTEX_POINT('',#3497);
#3499=VECTOR('',#3190,1.);
#3500=LINE('',#3491,#3499);
#3501=EDGE_CURVE('',#3492,#3498,#3500,.T.);
#3502=ORIENTED_EDGE(*,*,#3501,.T.);
#3503=CARTESIAN_POINT('',(-9.6,-4.5,-3.4));
#3504=VERTEX_POINT('',#3503);
#3505=VECTOR('',#3197,1.);
#3506=LINE('',#3497,#3505);
#3507=EDGE_CURVE('',#3498,#3504,#3506,.T.);
#3508=ORIENTED_EDGE(*,*,#3507,.T.);
#3509=CARTESIAN_POINT('',(-9.553108891,-4.325,-3.4));
#3510=VERTEX_POINT('',#3509);
#3511=VECTOR('',#3204,1.);
#3512=LINE('',#3503,#3511);
#3513=EDGE_CURVE('',#3504,#3510,#3512,.T.);
#3514=ORIENTED_EDGE(*,*,#3513,.T.);
#3515=CARTESIAN_POINT('',(-9.425,-4.196891109,-3.4));
#3516=VERTEX_POINT('',#3515);
#3517=VECTOR('',#3211,1.);
#3518=LINE('',#3509,#3517);
#3519=EDGE_CURVE('',#3510,#3516,#3518,.T.);
#3520=ORIENTED_EDGE(*,*,#3519,.T.);
#3521=CARTESIAN_POINT('',(-9.25,-4.15,-3.4));
#3522=VERTEX_POINT('',#3521);
#3523=VECTOR('',#3218,1.);
#3524=LINE('',#3515,#3523);
#3525=EDGE_CURVE('',#3516,#3522,#3524,.T.);
#3526=ORIENTED_EDGE(*,*,#3525,.T.);
#3527=CARTESIAN_POINT('',(-9.075,-4.196891109,-3.4));
#3528=VERTEX_POINT('',#3527);
#3529=VECTOR('',#3225,1.);
#3530=LINE('',#3521,#3529);
#3531=EDGE_CURVE('',#3522,#3528,#3530,.T.);
#3532=ORIENTED_EDGE(*,*,#3531,.T.);
#3533=CARTESIAN_POINT('',(-8.946891109,-4.325,-3.4));
#3534=VERTEX_POINT('',#3533);
#3535=VECTOR('',#3232,1.);
#3536=LINE('',#3527,#3535);
#3537=EDGE_CURVE('',#3528,#3534,#3536,.T.);
#3538=ORIENTED_EDGE(*,*,#3537,.T.);
#3539=CARTESIAN_POINT('',(-8.9,-4.5,-3.4));
#3540=VERTEX_POINT('',#3539);
#3541=VECTOR('',#3239,1.);
#3542=LINE('',#3533,#3541);
#3543=EDGE_CURVE('',#3534,#3540,#3542,.T.);
#3544=ORIENTED_EDGE(*,*,#3543,.T.);
#3545=VECTOR('',#3204,1.);
#3546=LINE('',#3477,#3545);
#3547=EDGE_CURVE('',#3478,#3540,#3546,.T.);
#3548=ORIENTED_EDGE(*,*,#3547,.F.);
#3549=EDGE_LOOP('',(#3484,#3490,#3496,#3502,#3508,#3514,#3520,#3526,#3532,#3538,#3544,#3548));
#3550=FACE_OUTER_BOUND('',#3549,.T.);
#3551=AXIS2_PLACEMENT_3D('',#3477,#887,#35);
#3552=PLANE('',#3551);
#3553=ADVANCED_FACE('',(#3550),#3552,.T.);
#3554=CARTESIAN_POINT('',(-8.9,-4.5,8.0));
#3555=VERTEX_POINT('',#3554);
#3556=CARTESIAN_POINT('',(-8.946891109,-4.325,8.0));
#3557=VERTEX_POINT('',#3556);
#3558=VECTOR('',#3197,1.);
#3559=LINE('',#3554,#3558);
#3560=EDGE_CURVE('',#3555,#3557,#3559,.T.);
#3561=ORIENTED_EDGE(*,*,#3560,.T.);
#3562=CARTESIAN_POINT('',(-9.075,-4.196891109,8.0));
#3563=VERTEX_POINT('',#3562);
#3564=VECTOR('',#3190,1.);
#3565=LINE('',#3556,#3564);
#3566=EDGE_CURVE('',#3557,#3563,#3565,.T.);
#3567=ORIENTED_EDGE(*,*,#3566,.T.);
#3568=CARTESIAN_POINT('',(-9.25,-4.15,8.0));
#3569=VERTEX_POINT('',#3568);
#3570=VECTOR('',#3183,1.);
#3571=LINE('',#3562,#3570);
#3572=EDGE_CURVE('',#3563,#3569,#3571,.T.);
#3573=ORIENTED_EDGE(*,*,#3572,.T.);
#3574=CARTESIAN_POINT('',(-9.425,-4.196891109,8.0));
#3575=VERTEX_POINT('',#3574);
#3576=VECTOR('',#3176,1.);
#3577=LINE('',#3568,#3576);
#3578=EDGE_CURVE('',#3569,#3575,#3577,.T.);
#3579=ORIENTED_EDGE(*,*,#3578,.T.);
#3580=CARTESIAN_POINT('',(-9.553108891,-4.325,8.0));
#3581=VERTEX_POINT('',#3580);
#3582=VECTOR('',#3169,1.);
#3583=LINE('',#3574,#3582);
#3584=EDGE_CURVE('',#3575,#3581,#3583,.T.);
#3585=ORIENTED_EDGE(*,*,#3584,.T.);
#3586=CARTESIAN_POINT('',(-9.6,-4.5,8.0));
#3587=VERTEX_POINT('',#3586);
#3588=VECTOR('',#3287,1.);
#3589=LINE('',#3580,#3588);
#3590=EDGE_CURVE('',#3581,#3587,#3589,.T.);
#3591=ORIENTED_EDGE(*,*,#3590,.T.);
#3592=CARTESIAN_POINT('',(-9.553108891,-4.675,8.0));
#3593=VERTEX_POINT('',#3592);
#3594=VECTOR('',#3239,1.);
#3595=LINE('',#3586,#3594);
#3596=EDGE_CURVE('',#3587,#3593,#3595,.T.);
#3597=ORIENTED_EDGE(*,*,#3596,.T.);
#3598=CARTESIAN_POINT('',(-9.425,-4.803108891,8.0));
#3599=VERTEX_POINT('',#3598);
#3600=VECTOR('',#3232,1.);
#3601=LINE('',#3592,#3600);
#3602=EDGE_CURVE('',#3593,#3599,#3601,.T.);
#3603=ORIENTED_EDGE(*,*,#3602,.T.);
#3604=CARTESIAN_POINT('',(-9.25,-4.85,8.0));
#3605=VERTEX_POINT('',#3604);
#3606=VECTOR('',#3225,1.);
#3607=LINE('',#3598,#3606);
#3608=EDGE_CURVE('',#3599,#3605,#3607,.T.);
#3609=ORIENTED_EDGE(*,*,#3608,.T.);
#3610=CARTESIAN_POINT('',(-9.075,-4.803108891,8.0));
#3611=VERTEX_POINT('',#3610);
#3612=VECTOR('',#3218,1.);
#3613=LINE('',#3604,#3612);
#3614=EDGE_CURVE('',#3605,#3611,#3613,.T.);
#3615=ORIENTED_EDGE(*,*,#3614,.T.);
#3616=CARTESIAN_POINT('',(-8.946891109,-4.675,8.0));
#3617=VERTEX_POINT('',#3616);
#3618=VECTOR('',#3211,1.);
#3619=LINE('',#3610,#3618);
#3620=EDGE_CURVE('',#3611,#3617,#3619,.T.);
#3621=ORIENTED_EDGE(*,*,#3620,.T.);
#3622=VECTOR('',#3287,1.);
#3623=LINE('',#3554,#3622);
#3624=EDGE_CURVE('',#3555,#3617,#3623,.T.);
#3625=ORIENTED_EDGE(*,*,#3624,.F.);
#3626=EDGE_LOOP('',(#3561,#3567,#3573,#3579,#3585,#3591,#3597,#3603,#3609,#3615,#3621,#3625));
#3627=FACE_OUTER_BOUND('',#3626,.T.);
#3628=AXIS2_PLACEMENT_3D('',#3554,#2,#70);
#3629=PLANE('',#3628);
#3630=ADVANCED_FACE('',(#3627),#3629,.T.);
#3631=ORIENTED_EDGE(*,*,#3543,.F.);
#3632=VECTOR('',#2,1.);
#3633=LINE('',#3533,#3632);
#3634=EDGE_CURVE('',#3534,#3557,#3633,.T.);
#3635=ORIENTED_EDGE(*,*,#3634,.T.);
#3636=ORIENTED_EDGE(*,*,#3560,.F.);
#3637=VECTOR('',#2,1.);
#3638=LINE('',#3539,#3637);
#3639=EDGE_CURVE('',#3540,#3555,#3638,.T.);
#3640=ORIENTED_EDGE(*,*,#3639,.F.);
#3641=EDGE_LOOP('',(#3631,#3635,#3636,#3640));
#3642=FACE_OUTER_BOUND('',#3641,.T.);
#3643=AXIS2_PLACEMENT_3D('',#3539,#3218,#3239);
#3644=PLANE('',#3643);
#3645=ADVANCED_FACE('',(#3642),#3644,.T.);
#3646=ORIENTED_EDGE(*,*,#3537,.F.);
#3647=VECTOR('',#2,1.);
#3648=LINE('',#3527,#3647);
#3649=EDGE_CURVE('',#3528,#3563,#3648,.T.);
#3650=ORIENTED_EDGE(*,*,#3649,.T.);
#3651=ORIENTED_EDGE(*,*,#3566,.F.);
#3652=ORIENTED_EDGE(*,*,#3634,.F.);
#3653=EDGE_LOOP('',(#3646,#3650,#3651,#3652));
#3654=FACE_OUTER_BOUND('',#3653,.T.);
#3655=AXIS2_PLACEMENT_3D('',#3533,#3211,#3232);
#3656=PLANE('',#3655);
#3657=ADVANCED_FACE('',(#3654),#3656,.T.);
#3658=ORIENTED_EDGE(*,*,#3531,.F.);
#3659=VECTOR('',#2,1.);
#3660=LINE('',#3521,#3659);
#3661=EDGE_CURVE('',#3522,#3569,#3660,.T.);
#3662=ORIENTED_EDGE(*,*,#3661,.T.);
#3663=ORIENTED_EDGE(*,*,#3572,.F.);
#3664=ORIENTED_EDGE(*,*,#3649,.F.);
#3665=EDGE_LOOP('',(#3658,#3662,#3663,#3664));
#3666=FACE_OUTER_BOUND('',#3665,.T.);
#3667=AXIS2_PLACEMENT_3D('',#3527,#3204,#3225);
#3668=PLANE('',#3667);
#3669=ADVANCED_FACE('',(#3666),#3668,.T.);
#3670=ORIENTED_EDGE(*,*,#3525,.F.);
#3671=VECTOR('',#2,1.);
#3672=LINE('',#3515,#3671);
#3673=EDGE_CURVE('',#3516,#3575,#3672,.T.);
#3674=ORIENTED_EDGE(*,*,#3673,.T.);
#3675=ORIENTED_EDGE(*,*,#3578,.F.);
#3676=ORIENTED_EDGE(*,*,#3661,.F.);
#3677=EDGE_LOOP('',(#3670,#3674,#3675,#3676));
#3678=FACE_OUTER_BOUND('',#3677,.T.);
#3679=AXIS2_PLACEMENT_3D('',#3521,#3197,#3218);
#3680=PLANE('',#3679);
#3681=ADVANCED_FACE('',(#3678),#3680,.T.);
#3682=ORIENTED_EDGE(*,*,#3519,.F.);
#3683=VECTOR('',#2,1.);
#3684=LINE('',#3509,#3683);
#3685=EDGE_CURVE('',#3510,#3581,#3684,.T.);
#3686=ORIENTED_EDGE(*,*,#3685,.T.);
#3687=ORIENTED_EDGE(*,*,#3584,.F.);
#3688=ORIENTED_EDGE(*,*,#3673,.F.);
#3689=EDGE_LOOP('',(#3682,#3686,#3687,#3688));
#3690=FACE_OUTER_BOUND('',#3689,.T.);
#3691=AXIS2_PLACEMENT_3D('',#3515,#3190,#3211);
#3692=PLANE('',#3691);
#3693=ADVANCED_FACE('',(#3690),#3692,.T.);
#3694=ORIENTED_EDGE(*,*,#3513,.F.);
#3695=VECTOR('',#2,1.);
#3696=LINE('',#3503,#3695);
#3697=EDGE_CURVE('',#3504,#3587,#3696,.T.);
#3698=ORIENTED_EDGE(*,*,#3697,.T.);
#3699=ORIENTED_EDGE(*,*,#3590,.F.);
#3700=ORIENTED_EDGE(*,*,#3685,.F.);
#3701=EDGE_LOOP('',(#3694,#3698,#3699,#3700));
#3702=FACE_OUTER_BOUND('',#3701,.T.);
#3703=AXIS2_PLACEMENT_3D('',#3509,#3183,#3204);
#3704=PLANE('',#3703);
#3705=ADVANCED_FACE('',(#3702),#3704,.T.);
#3706=ORIENTED_EDGE(*,*,#3507,.F.);
#3707=VECTOR('',#2,1.);
#3708=LINE('',#3497,#3707);
#3709=EDGE_CURVE('',#3498,#3593,#3708,.T.);
#3710=ORIENTED_EDGE(*,*,#3709,.T.);
#3711=ORIENTED_EDGE(*,*,#3596,.F.);
#3712=ORIENTED_EDGE(*,*,#3697,.F.);
#3713=EDGE_LOOP('',(#3706,#3710,#3711,#3712));
#3714=FACE_OUTER_BOUND('',#3713,.T.);
#3715=AXIS2_PLACEMENT_3D('',#3503,#3176,#3197);
#3716=PLANE('',#3715);
#3717=ADVANCED_FACE('',(#3714),#3716,.T.);
#3718=ORIENTED_EDGE(*,*,#3501,.F.);
#3719=VECTOR('',#2,1.);
#3720=LINE('',#3491,#3719);
#3721=EDGE_CURVE('',#3492,#3599,#3720,.T.);
#3722=ORIENTED_EDGE(*,*,#3721,.T.);
#3723=ORIENTED_EDGE(*,*,#3602,.F.);
#3724=ORIENTED_EDGE(*,*,#3709,.F.);
#3725=EDGE_LOOP('',(#3718,#3722,#3723,#3724));
#3726=FACE_OUTER_BOUND('',#3725,.T.);
#3727=AXIS2_PLACEMENT_3D('',#3497,#3169,#3190);
#3728=PLANE('',#3727);
#3729=ADVANCED_FACE('',(#3726),#3728,.T.);
#3730=ORIENTED_EDGE(*,*,#3495,.F.);
#3731=VECTOR('',#2,1.);
#3732=LINE('',#3485,#3731);
#3733=EDGE_CURVE('',#3486,#3605,#3732,.T.);
#3734=ORIENTED_EDGE(*,*,#3733,.T.);
#3735=ORIENTED_EDGE(*,*,#3608,.F.);
#3736=ORIENTED_EDGE(*,*,#3721,.F.);
#3737=EDGE_LOOP('',(#3730,#3734,#3735,#3736));
#3738=FACE_OUTER_BOUND('',#3737,.T.);
#3739=AXIS2_PLACEMENT_3D('',#3491,#3287,#3183);
#3740=PLANE('',#3739);
#3741=ADVANCED_FACE('',(#3738),#3740,.T.);
#3742=ORIENTED_EDGE(*,*,#3489,.F.);
#3743=VECTOR('',#2,1.);
#3744=LINE('',#3479,#3743);
#3745=EDGE_CURVE('',#3480,#3611,#3744,.T.);
#3746=ORIENTED_EDGE(*,*,#3745,.T.);
#3747=ORIENTED_EDGE(*,*,#3614,.F.);
#3748=ORIENTED_EDGE(*,*,#3733,.F.);
#3749=EDGE_LOOP('',(#3742,#3746,#3747,#3748));
#3750=FACE_OUTER_BOUND('',#3749,.T.);
#3751=AXIS2_PLACEMENT_3D('',#3485,#3239,#3176);
#3752=PLANE('',#3751);
#3753=ADVANCED_FACE('',(#3750),#3752,.T.);
#3754=ORIENTED_EDGE(*,*,#3483,.F.);
#3755=VECTOR('',#2,1.);
#3756=LINE('',#3477,#3755);
#3757=EDGE_CURVE('',#3478,#3617,#3756,.T.);
#3758=ORIENTED_EDGE(*,*,#3757,.T.);
#3759=ORIENTED_EDGE(*,*,#3620,.F.);
#3760=ORIENTED_EDGE(*,*,#3745,.F.);
#3761=EDGE_LOOP('',(#3754,#3758,#3759,#3760));
#3762=FACE_OUTER_BOUND('',#3761,.T.);
#3763=AXIS2_PLACEMENT_3D('',#3479,#3232,#3169);
#3764=PLANE('',#3763);
#3765=ADVANCED_FACE('',(#3762),#3764,.T.);
#3766=ORIENTED_EDGE(*,*,#3547,.T.);
#3767=ORIENTED_EDGE(*,*,#3639,.T.);
#3768=ORIENTED_EDGE(*,*,#3624,.T.);
#3769=ORIENTED_EDGE(*,*,#3757,.F.);
#3770=EDGE_LOOP('',(#3766,#3767,#3768,#3769));
#3771=FACE_OUTER_BOUND('',#3770,.T.);
#3772=AXIS2_PLACEMENT_3D('',#3477,#3225,#3287);
#3773=PLANE('',#3772);
#3774=ADVANCED_FACE('',(#3771),#3773,.T.);
#3775=CLOSED_SHELL('',(#3553,#3630,#3645,#3657,#3669,#3681,#3693,#3705,#3717,#3729,#3741,#3753,#3765,#3774));
#3776=MANIFOLD_SOLID_BREP('lead2',#3775);
#3777=CARTESIAN_POINT('',(9.553108891,-4.675,-3.4));
#3778=VERTEX_POINT('',#3777);
#3779=CARTESIAN_POINT('',(9.425,-4.803108891,-3.4));
#3780=VERTEX_POINT('',#3779);
#3781=VECTOR('',#3169,1.);
#3782=LINE('',#3777,#3781);
#3783=EDGE_CURVE('',#3778,#3780,#3782,.T.);
#3784=ORIENTED_EDGE(*,*,#3783,.T.);
#3785=CARTESIAN_POINT('',(9.25,-4.85,-3.4));
#3786=VERTEX_POINT('',#3785);
#3787=VECTOR('',#3176,1.);
#3788=LINE('',#3779,#3787);
#3789=EDGE_CURVE('',#3780,#3786,#3788,.T.);
#3790=ORIENTED_EDGE(*,*,#3789,.T.);
#3791=CARTESIAN_POINT('',(9.075,-4.803108891,-3.4));
#3792=VERTEX_POINT('',#3791);
#3793=VECTOR('',#3183,1.);
#3794=LINE('',#3785,#3793);
#3795=EDGE_CURVE('',#3786,#3792,#3794,.T.);
#3796=ORIENTED_EDGE(*,*,#3795,.T.);
#3797=CARTESIAN_POINT('',(8.946891109,-4.675,-3.4));
#3798=VERTEX_POINT('',#3797);
#3799=VECTOR('',#3190,1.);
#3800=LINE('',#3791,#3799);
#3801=EDGE_CURVE('',#3792,#3798,#3800,.T.);
#3802=ORIENTED_EDGE(*,*,#3801,.T.);
#3803=CARTESIAN_POINT('',(8.9,-4.5,-3.4));
#3804=VERTEX_POINT('',#3803);
#3805=VECTOR('',#3197,1.);
#3806=LINE('',#3797,#3805);
#3807=EDGE_CURVE('',#3798,#3804,#3806,.T.);
#3808=ORIENTED_EDGE(*,*,#3807,.T.);
#3809=CARTESIAN_POINT('',(8.946891109,-4.325,-3.4));
#3810=VERTEX_POINT('',#3809);
#3811=VECTOR('',#3204,1.);
#3812=LINE('',#3803,#3811);
#3813=EDGE_CURVE('',#3804,#3810,#3812,.T.);
#3814=ORIENTED_EDGE(*,*,#3813,.T.);
#3815=CARTESIAN_POINT('',(9.075,-4.196891109,-3.4));
#3816=VERTEX_POINT('',#3815);
#3817=VECTOR('',#3211,1.);
#3818=LINE('',#3809,#3817);
#3819=EDGE_CURVE('',#3810,#3816,#3818,.T.);
#3820=ORIENTED_EDGE(*,*,#3819,.T.);
#3821=CARTESIAN_POINT('',(9.25,-4.15,-3.4));
#3822=VERTEX_POINT('',#3821);
#3823=VECTOR('',#3218,1.);
#3824=LINE('',#3815,#3823);
#3825=EDGE_CURVE('',#3816,#3822,#3824,.T.);
#3826=ORIENTED_EDGE(*,*,#3825,.T.);
#3827=CARTESIAN_POINT('',(9.425,-4.196891109,-3.4));
#3828=VERTEX_POINT('',#3827);
#3829=VECTOR('',#3225,1.);
#3830=LINE('',#3821,#3829);
#3831=EDGE_CURVE('',#3822,#3828,#3830,.T.);
#3832=ORIENTED_EDGE(*,*,#3831,.T.);
#3833=CARTESIAN_POINT('',(9.553108891,-4.325,-3.4));
#3834=VERTEX_POINT('',#3833);
#3835=VECTOR('',#3232,1.);
#3836=LINE('',#3827,#3835);
#3837=EDGE_CURVE('',#3828,#3834,#3836,.T.);
#3838=ORIENTED_EDGE(*,*,#3837,.T.);
#3839=CARTESIAN_POINT('',(9.6,-4.5,-3.4));
#3840=VERTEX_POINT('',#3839);
#3841=VECTOR('',#3239,1.);
#3842=LINE('',#3833,#3841);
#3843=EDGE_CURVE('',#3834,#3840,#3842,.T.);
#3844=ORIENTED_EDGE(*,*,#3843,.T.);
#3845=VECTOR('',#3204,1.);
#3846=LINE('',#3777,#3845);
#3847=EDGE_CURVE('',#3778,#3840,#3846,.T.);
#3848=ORIENTED_EDGE(*,*,#3847,.F.);
#3849=EDGE_LOOP('',(#3784,#3790,#3796,#3802,#3808,#3814,#3820,#3826,#3832,#3838,#3844,#3848));
#3850=FACE_OUTER_BOUND('',#3849,.T.);
#3851=AXIS2_PLACEMENT_3D('',#3777,#887,#35);
#3852=PLANE('',#3851);
#3853=ADVANCED_FACE('',(#3850),#3852,.T.);
#3854=CARTESIAN_POINT('',(9.6,-4.5,8.0));
#3855=VERTEX_POINT('',#3854);
#3856=CARTESIAN_POINT('',(9.553108891,-4.325,8.0));
#3857=VERTEX_POINT('',#3856);
#3858=VECTOR('',#3197,1.);
#3859=LINE('',#3854,#3858);
#3860=EDGE_CURVE('',#3855,#3857,#3859,.T.);
#3861=ORIENTED_EDGE(*,*,#3860,.T.);
#3862=CARTESIAN_POINT('',(9.425,-4.196891109,8.0));
#3863=VERTEX_POINT('',#3862);
#3864=VECTOR('',#3190,1.);
#3865=LINE('',#3856,#3864);
#3866=EDGE_CURVE('',#3857,#3863,#3865,.T.);
#3867=ORIENTED_EDGE(*,*,#3866,.T.);
#3868=CARTESIAN_POINT('',(9.25,-4.15,8.0));
#3869=VERTEX_POINT('',#3868);
#3870=VECTOR('',#3183,1.);
#3871=LINE('',#3862,#3870);
#3872=EDGE_CURVE('',#3863,#3869,#3871,.T.);
#3873=ORIENTED_EDGE(*,*,#3872,.T.);
#3874=CARTESIAN_POINT('',(9.075,-4.196891109,8.0));
#3875=VERTEX_POINT('',#3874);
#3876=VECTOR('',#3176,1.);
#3877=LINE('',#3868,#3876);
#3878=EDGE_CURVE('',#3869,#3875,#3877,.T.);
#3879=ORIENTED_EDGE(*,*,#3878,.T.);
#3880=CARTESIAN_POINT('',(8.946891109,-4.325,8.0));
#3881=VERTEX_POINT('',#3880);
#3882=VECTOR('',#3169,1.);
#3883=LINE('',#3874,#3882);
#3884=EDGE_CURVE('',#3875,#3881,#3883,.T.);
#3885=ORIENTED_EDGE(*,*,#3884,.T.);
#3886=CARTESIAN_POINT('',(8.9,-4.5,8.0));
#3887=VERTEX_POINT('',#3886);
#3888=VECTOR('',#3287,1.);
#3889=LINE('',#3880,#3888);
#3890=EDGE_CURVE('',#3881,#3887,#3889,.T.);
#3891=ORIENTED_EDGE(*,*,#3890,.T.);
#3892=CARTESIAN_POINT('',(8.946891109,-4.675,8.0));
#3893=VERTEX_POINT('',#3892);
#3894=VECTOR('',#3239,1.);
#3895=LINE('',#3886,#3894);
#3896=EDGE_CURVE('',#3887,#3893,#3895,.T.);
#3897=ORIENTED_EDGE(*,*,#3896,.T.);
#3898=CARTESIAN_POINT('',(9.075,-4.803108891,8.0));
#3899=VERTEX_POINT('',#3898);
#3900=VECTOR('',#3232,1.);
#3901=LINE('',#3892,#3900);
#3902=EDGE_CURVE('',#3893,#3899,#3901,.T.);
#3903=ORIENTED_EDGE(*,*,#3902,.T.);
#3904=CARTESIAN_POINT('',(9.25,-4.85,8.0));
#3905=VERTEX_POINT('',#3904);
#3906=VECTOR('',#3225,1.);
#3907=LINE('',#3898,#3906);
#3908=EDGE_CURVE('',#3899,#3905,#3907,.T.);
#3909=ORIENTED_EDGE(*,*,#3908,.T.);
#3910=CARTESIAN_POINT('',(9.425,-4.803108891,8.0));
#3911=VERTEX_POINT('',#3910);
#3912=VECTOR('',#3218,1.);
#3913=LINE('',#3904,#3912);
#3914=EDGE_CURVE('',#3905,#3911,#3913,.T.);
#3915=ORIENTED_EDGE(*,*,#3914,.T.);
#3916=CARTESIAN_POINT('',(9.553108891,-4.675,8.0));
#3917=VERTEX_POINT('',#3916);
#3918=VECTOR('',#3211,1.);
#3919=LINE('',#3910,#3918);
#3920=EDGE_CURVE('',#3911,#3917,#3919,.T.);
#3921=ORIENTED_EDGE(*,*,#3920,.T.);
#3922=VECTOR('',#3287,1.);
#3923=LINE('',#3854,#3922);
#3924=EDGE_CURVE('',#3855,#3917,#3923,.T.);
#3925=ORIENTED_EDGE(*,*,#3924,.F.);
#3926=EDGE_LOOP('',(#3861,#3867,#3873,#3879,#3885,#3891,#3897,#3903,#3909,#3915,#3921,#3925));
#3927=FACE_OUTER_BOUND('',#3926,.T.);
#3928=AXIS2_PLACEMENT_3D('',#3854,#2,#70);
#3929=PLANE('',#3928);
#3930=ADVANCED_FACE('',(#3927),#3929,.T.);
#3931=ORIENTED_EDGE(*,*,#3843,.F.);
#3932=VECTOR('',#2,1.);
#3933=LINE('',#3833,#3932);
#3934=EDGE_CURVE('',#3834,#3857,#3933,.T.);
#3935=ORIENTED_EDGE(*,*,#3934,.T.);
#3936=ORIENTED_EDGE(*,*,#3860,.F.);
#3937=VECTOR('',#2,1.);
#3938=LINE('',#3839,#3937);
#3939=EDGE_CURVE('',#3840,#3855,#3938,.T.);
#3940=ORIENTED_EDGE(*,*,#3939,.F.);
#3941=EDGE_LOOP('',(#3931,#3935,#3936,#3940));
#3942=FACE_OUTER_BOUND('',#3941,.T.);
#3943=AXIS2_PLACEMENT_3D('',#3839,#3218,#3239);
#3944=PLANE('',#3943);
#3945=ADVANCED_FACE('',(#3942),#3944,.T.);
#3946=ORIENTED_EDGE(*,*,#3837,.F.);
#3947=VECTOR('',#2,1.);
#3948=LINE('',#3827,#3947);
#3949=EDGE_CURVE('',#3828,#3863,#3948,.T.);
#3950=ORIENTED_EDGE(*,*,#3949,.T.);
#3951=ORIENTED_EDGE(*,*,#3866,.F.);
#3952=ORIENTED_EDGE(*,*,#3934,.F.);
#3953=EDGE_LOOP('',(#3946,#3950,#3951,#3952));
#3954=FACE_OUTER_BOUND('',#3953,.T.);
#3955=AXIS2_PLACEMENT_3D('',#3833,#3211,#3232);
#3956=PLANE('',#3955);
#3957=ADVANCED_FACE('',(#3954),#3956,.T.);
#3958=ORIENTED_EDGE(*,*,#3831,.F.);
#3959=VECTOR('',#2,1.);
#3960=LINE('',#3821,#3959);
#3961=EDGE_CURVE('',#3822,#3869,#3960,.T.);
#3962=ORIENTED_EDGE(*,*,#3961,.T.);
#3963=ORIENTED_EDGE(*,*,#3872,.F.);
#3964=ORIENTED_EDGE(*,*,#3949,.F.);
#3965=EDGE_LOOP('',(#3958,#3962,#3963,#3964));
#3966=FACE_OUTER_BOUND('',#3965,.T.);
#3967=AXIS2_PLACEMENT_3D('',#3827,#3204,#3225);
#3968=PLANE('',#3967);
#3969=ADVANCED_FACE('',(#3966),#3968,.T.);
#3970=ORIENTED_EDGE(*,*,#3825,.F.);
#3971=VECTOR('',#2,1.);
#3972=LINE('',#3815,#3971);
#3973=EDGE_CURVE('',#3816,#3875,#3972,.T.);
#3974=ORIENTED_EDGE(*,*,#3973,.T.);
#3975=ORIENTED_EDGE(*,*,#3878,.F.);
#3976=ORIENTED_EDGE(*,*,#3961,.F.);
#3977=EDGE_LOOP('',(#3970,#3974,#3975,#3976));
#3978=FACE_OUTER_BOUND('',#3977,.T.);
#3979=AXIS2_PLACEMENT_3D('',#3821,#3197,#3218);
#3980=PLANE('',#3979);
#3981=ADVANCED_FACE('',(#3978),#3980,.T.);
#3982=ORIENTED_EDGE(*,*,#3819,.F.);
#3983=VECTOR('',#2,1.);
#3984=LINE('',#3809,#3983);
#3985=EDGE_CURVE('',#3810,#3881,#3984,.T.);
#3986=ORIENTED_EDGE(*,*,#3985,.T.);
#3987=ORIENTED_EDGE(*,*,#3884,.F.);
#3988=ORIENTED_EDGE(*,*,#3973,.F.);
#3989=EDGE_LOOP('',(#3982,#3986,#3987,#3988));
#3990=FACE_OUTER_BOUND('',#3989,.T.);
#3991=AXIS2_PLACEMENT_3D('',#3815,#3190,#3211);
#3992=PLANE('',#3991);
#3993=ADVANCED_FACE('',(#3990),#3992,.T.);
#3994=ORIENTED_EDGE(*,*,#3813,.F.);
#3995=VECTOR('',#2,1.);
#3996=LINE('',#3803,#3995);
#3997=EDGE_CURVE('',#3804,#3887,#3996,.T.);
#3998=ORIENTED_EDGE(*,*,#3997,.T.);
#3999=ORIENTED_EDGE(*,*,#3890,.F.);
#4000=ORIENTED_EDGE(*,*,#3985,.F.);
#4001=EDGE_LOOP('',(#3994,#3998,#3999,#4000));
#4002=FACE_OUTER_BOUND('',#4001,.T.);
#4003=AXIS2_PLACEMENT_3D('',#3809,#3183,#3204);
#4004=PLANE('',#4003);
#4005=ADVANCED_FACE('',(#4002),#4004,.T.);
#4006=ORIENTED_EDGE(*,*,#3807,.F.);
#4007=VECTOR('',#2,1.);
#4008=LINE('',#3797,#4007);
#4009=EDGE_CURVE('',#3798,#3893,#4008,.T.);
#4010=ORIENTED_EDGE(*,*,#4009,.T.);
#4011=ORIENTED_EDGE(*,*,#3896,.F.);
#4012=ORIENTED_EDGE(*,*,#3997,.F.);
#4013=EDGE_LOOP('',(#4006,#4010,#4011,#4012));
#4014=FACE_OUTER_BOUND('',#4013,.T.);
#4015=AXIS2_PLACEMENT_3D('',#3803,#3176,#3197);
#4016=PLANE('',#4015);
#4017=ADVANCED_FACE('',(#4014),#4016,.T.);
#4018=ORIENTED_EDGE(*,*,#3801,.F.);
#4019=VECTOR('',#2,1.);
#4020=LINE('',#3791,#4019);
#4021=EDGE_CURVE('',#3792,#3899,#4020,.T.);
#4022=ORIENTED_EDGE(*,*,#4021,.T.);
#4023=ORIENTED_EDGE(*,*,#3902,.F.);
#4024=ORIENTED_EDGE(*,*,#4009,.F.);
#4025=EDGE_LOOP('',(#4018,#4022,#4023,#4024));
#4026=FACE_OUTER_BOUND('',#4025,.T.);
#4027=AXIS2_PLACEMENT_3D('',#3797,#3169,#3190);
#4028=PLANE('',#4027);
#4029=ADVANCED_FACE('',(#4026),#4028,.T.);
#4030=ORIENTED_EDGE(*,*,#3795,.F.);
#4031=VECTOR('',#2,1.);
#4032=LINE('',#3785,#4031);
#4033=EDGE_CURVE('',#3786,#3905,#4032,.T.);
#4034=ORIENTED_EDGE(*,*,#4033,.T.);
#4035=ORIENTED_EDGE(*,*,#3908,.F.);
#4036=ORIENTED_EDGE(*,*,#4021,.F.);
#4037=EDGE_LOOP('',(#4030,#4034,#4035,#4036));
#4038=FACE_OUTER_BOUND('',#4037,.T.);
#4039=AXIS2_PLACEMENT_3D('',#3791,#3287,#3183);
#4040=PLANE('',#4039);
#4041=ADVANCED_FACE('',(#4038),#4040,.T.);
#4042=ORIENTED_EDGE(*,*,#3789,.F.);
#4043=VECTOR('',#2,1.);
#4044=LINE('',#3779,#4043);
#4045=EDGE_CURVE('',#3780,#3911,#4044,.T.);
#4046=ORIENTED_EDGE(*,*,#4045,.T.);
#4047=ORIENTED_EDGE(*,*,#3914,.F.);
#4048=ORIENTED_EDGE(*,*,#4033,.F.);
#4049=EDGE_LOOP('',(#4042,#4046,#4047,#4048));
#4050=FACE_OUTER_BOUND('',#4049,.T.);
#4051=AXIS2_PLACEMENT_3D('',#3785,#3239,#3176);
#4052=PLANE('',#4051);
#4053=ADVANCED_FACE('',(#4050),#4052,.T.);
#4054=ORIENTED_EDGE(*,*,#3783,.F.);
#4055=VECTOR('',#2,1.);
#4056=LINE('',#3777,#4055);
#4057=EDGE_CURVE('',#3778,#3917,#4056,.T.);
#4058=ORIENTED_EDGE(*,*,#4057,.T.);
#4059=ORIENTED_EDGE(*,*,#3920,.F.);
#4060=ORIENTED_EDGE(*,*,#4045,.F.);
#4061=EDGE_LOOP('',(#4054,#4058,#4059,#4060));
#4062=FACE_OUTER_BOUND('',#4061,.T.);
#4063=AXIS2_PLACEMENT_3D('',#3779,#3232,#3169);
#4064=PLANE('',#4063);
#4065=ADVANCED_FACE('',(#4062),#4064,.T.);
#4066=ORIENTED_EDGE(*,*,#3847,.T.);
#4067=ORIENTED_EDGE(*,*,#3939,.T.);
#4068=ORIENTED_EDGE(*,*,#3924,.T.);
#4069=ORIENTED_EDGE(*,*,#4057,.F.);
#4070=EDGE_LOOP('',(#4066,#4067,#4068,#4069));
#4071=FACE_OUTER_BOUND('',#4070,.T.);
#4072=AXIS2_PLACEMENT_3D('',#3777,#3225,#3287);
#4073=PLANE('',#4072);
#4074=ADVANCED_FACE('',(#4071),#4073,.T.);
#4075=CLOSED_SHELL('',(#3853,#3930,#3945,#3957,#3969,#3981,#3993,#4005,#4017,#4029,#4041,#4053,#4065,#4074));
#4076=MANIFOLD_SOLID_BREP('lead3',#4075);
#4077=CARTESIAN_POINT('',(9.553108891,4.325,-3.4));
#4078=VERTEX_POINT('',#4077);
#4079=CARTESIAN_POINT('',(9.425,4.196891109,-3.4));
#4080=VERTEX_POINT('',#4079);
#4081=VECTOR('',#3169,1.);
#4082=LINE('',#4077,#4081);
#4083=EDGE_CURVE('',#4078,#4080,#4082,.T.);
#4084=ORIENTED_EDGE(*,*,#4083,.T.);
#4085=CARTESIAN_POINT('',(9.25,4.15,-3.4));
#4086=VERTEX_POINT('',#4085);
#4087=VECTOR('',#3176,1.);
#4088=LINE('',#4079,#4087);
#4089=EDGE_CURVE('',#4080,#4086,#4088,.T.);
#4090=ORIENTED_EDGE(*,*,#4089,.T.);
#4091=CARTESIAN_POINT('',(9.075,4.196891109,-3.4));
#4092=VERTEX_POINT('',#4091);
#4093=VECTOR('',#3183,1.);
#4094=LINE('',#4085,#4093);
#4095=EDGE_CURVE('',#4086,#4092,#4094,.T.);
#4096=ORIENTED_EDGE(*,*,#4095,.T.);
#4097=CARTESIAN_POINT('',(8.946891109,4.325,-3.4));
#4098=VERTEX_POINT('',#4097);
#4099=VECTOR('',#3190,1.);
#4100=LINE('',#4091,#4099);
#4101=EDGE_CURVE('',#4092,#4098,#4100,.T.);
#4102=ORIENTED_EDGE(*,*,#4101,.T.);
#4103=CARTESIAN_POINT('',(8.9,4.5,-3.4));
#4104=VERTEX_POINT('',#4103);
#4105=VECTOR('',#3197,1.);
#4106=LINE('',#4097,#4105);
#4107=EDGE_CURVE('',#4098,#4104,#4106,.T.);
#4108=ORIENTED_EDGE(*,*,#4107,.T.);
#4109=CARTESIAN_POINT('',(8.946891109,4.675,-3.4));
#4110=VERTEX_POINT('',#4109);
#4111=VECTOR('',#3204,1.);
#4112=LINE('',#4103,#4111);
#4113=EDGE_CURVE('',#4104,#4110,#4112,.T.);
#4114=ORIENTED_EDGE(*,*,#4113,.T.);
#4115=CARTESIAN_POINT('',(9.075,4.803108891,-3.4));
#4116=VERTEX_POINT('',#4115);
#4117=VECTOR('',#3211,1.);
#4118=LINE('',#4109,#4117);
#4119=EDGE_CURVE('',#4110,#4116,#4118,.T.);
#4120=ORIENTED_EDGE(*,*,#4119,.T.);
#4121=CARTESIAN_POINT('',(9.25,4.85,-3.4));
#4122=VERTEX_POINT('',#4121);
#4123=VECTOR('',#3218,1.);
#4124=LINE('',#4115,#4123);
#4125=EDGE_CURVE('',#4116,#4122,#4124,.T.);
#4126=ORIENTED_EDGE(*,*,#4125,.T.);
#4127=CARTESIAN_POINT('',(9.425,4.803108891,-3.4));
#4128=VERTEX_POINT('',#4127);
#4129=VECTOR('',#3225,1.);
#4130=LINE('',#4121,#4129);
#4131=EDGE_CURVE('',#4122,#4128,#4130,.T.);
#4132=ORIENTED_EDGE(*,*,#4131,.T.);
#4133=CARTESIAN_POINT('',(9.553108891,4.675,-3.4));
#4134=VERTEX_POINT('',#4133);
#4135=VECTOR('',#3232,1.);
#4136=LINE('',#4127,#4135);
#4137=EDGE_CURVE('',#4128,#4134,#4136,.T.);
#4138=ORIENTED_EDGE(*,*,#4137,.T.);
#4139=CARTESIAN_POINT('',(9.6,4.5,-3.4));
#4140=VERTEX_POINT('',#4139);
#4141=VECTOR('',#3239,1.);
#4142=LINE('',#4133,#4141);
#4143=EDGE_CURVE('',#4134,#4140,#4142,.T.);
#4144=ORIENTED_EDGE(*,*,#4143,.T.);
#4145=VECTOR('',#3204,1.);
#4146=LINE('',#4077,#4145);
#4147=EDGE_CURVE('',#4078,#4140,#4146,.T.);
#4148=ORIENTED_EDGE(*,*,#4147,.F.);
#4149=EDGE_LOOP('',(#4084,#4090,#4096,#4102,#4108,#4114,#4120,#4126,#4132,#4138,#4144,#4148));
#4150=FACE_OUTER_BOUND('',#4149,.T.);
#4151=AXIS2_PLACEMENT_3D('',#4077,#887,#35);
#4152=PLANE('',#4151);
#4153=ADVANCED_FACE('',(#4150),#4152,.T.);
#4154=CARTESIAN_POINT('',(9.6,4.5,8.0));
#4155=VERTEX_POINT('',#4154);
#4156=CARTESIAN_POINT('',(9.553108891,4.675,8.0));
#4157=VERTEX_POINT('',#4156);
#4158=VECTOR('',#3197,1.);
#4159=LINE('',#4154,#4158);
#4160=EDGE_CURVE('',#4155,#4157,#4159,.T.);
#4161=ORIENTED_EDGE(*,*,#4160,.T.);
#4162=CARTESIAN_POINT('',(9.425,4.803108891,8.0));
#4163=VERTEX_POINT('',#4162);
#4164=VECTOR('',#3190,1.);
#4165=LINE('',#4156,#4164);
#4166=EDGE_CURVE('',#4157,#4163,#4165,.T.);
#4167=ORIENTED_EDGE(*,*,#4166,.T.);
#4168=CARTESIAN_POINT('',(9.25,4.85,8.0));
#4169=VERTEX_POINT('',#4168);
#4170=VECTOR('',#3183,1.);
#4171=LINE('',#4162,#4170);
#4172=EDGE_CURVE('',#4163,#4169,#4171,.T.);
#4173=ORIENTED_EDGE(*,*,#4172,.T.);
#4174=CARTESIAN_POINT('',(9.075,4.803108891,8.0));
#4175=VERTEX_POINT('',#4174);
#4176=VECTOR('',#3176,1.);
#4177=LINE('',#4168,#4176);
#4178=EDGE_CURVE('',#4169,#4175,#4177,.T.);
#4179=ORIENTED_EDGE(*,*,#4178,.T.);
#4180=CARTESIAN_POINT('',(8.946891109,4.675,8.0));
#4181=VERTEX_POINT('',#4180);
#4182=VECTOR('',#3169,1.);
#4183=LINE('',#4174,#4182);
#4184=EDGE_CURVE('',#4175,#4181,#4183,.T.);
#4185=ORIENTED_EDGE(*,*,#4184,.T.);
#4186=CARTESIAN_POINT('',(8.9,4.5,8.0));
#4187=VERTEX_POINT('',#4186);
#4188=VECTOR('',#3287,1.);
#4189=LINE('',#4180,#4188);
#4190=EDGE_CURVE('',#4181,#4187,#4189,.T.);
#4191=ORIENTED_EDGE(*,*,#4190,.T.);
#4192=CARTESIAN_POINT('',(8.946891109,4.325,8.0));
#4193=VERTEX_POINT('',#4192);
#4194=VECTOR('',#3239,1.);
#4195=LINE('',#4186,#4194);
#4196=EDGE_CURVE('',#4187,#4193,#4195,.T.);
#4197=ORIENTED_EDGE(*,*,#4196,.T.);
#4198=CARTESIAN_POINT('',(9.075,4.196891109,8.0));
#4199=VERTEX_POINT('',#4198);
#4200=VECTOR('',#3232,1.);
#4201=LINE('',#4192,#4200);
#4202=EDGE_CURVE('',#4193,#4199,#4201,.T.);
#4203=ORIENTED_EDGE(*,*,#4202,.T.);
#4204=CARTESIAN_POINT('',(9.25,4.15,8.0));
#4205=VERTEX_POINT('',#4204);
#4206=VECTOR('',#3225,1.);
#4207=LINE('',#4198,#4206);
#4208=EDGE_CURVE('',#4199,#4205,#4207,.T.);
#4209=ORIENTED_EDGE(*,*,#4208,.T.);
#4210=CARTESIAN_POINT('',(9.425,4.196891109,8.0));
#4211=VERTEX_POINT('',#4210);
#4212=VECTOR('',#3218,1.);
#4213=LINE('',#4204,#4212);
#4214=EDGE_CURVE('',#4205,#4211,#4213,.T.);
#4215=ORIENTED_EDGE(*,*,#4214,.T.);
#4216=CARTESIAN_POINT('',(9.553108891,4.325,8.0));
#4217=VERTEX_POINT('',#4216);
#4218=VECTOR('',#3211,1.);
#4219=LINE('',#4210,#4218);
#4220=EDGE_CURVE('',#4211,#4217,#4219,.T.);
#4221=ORIENTED_EDGE(*,*,#4220,.T.);
#4222=VECTOR('',#3287,1.);
#4223=LINE('',#4154,#4222);
#4224=EDGE_CURVE('',#4155,#4217,#4223,.T.);
#4225=ORIENTED_EDGE(*,*,#4224,.F.);
#4226=EDGE_LOOP('',(#4161,#4167,#4173,#4179,#4185,#4191,#4197,#4203,#4209,#4215,#4221,#4225));
#4227=FACE_OUTER_BOUND('',#4226,.T.);
#4228=AXIS2_PLACEMENT_3D('',#4154,#2,#70);
#4229=PLANE('',#4228);
#4230=ADVANCED_FACE('',(#4227),#4229,.T.);
#4231=ORIENTED_EDGE(*,*,#4143,.F.);
#4232=VECTOR('',#2,1.);
#4233=LINE('',#4133,#4232);
#4234=EDGE_CURVE('',#4134,#4157,#4233,.T.);
#4235=ORIENTED_EDGE(*,*,#4234,.T.);
#4236=ORIENTED_EDGE(*,*,#4160,.F.);
#4237=VECTOR('',#2,1.);
#4238=LINE('',#4139,#4237);
#4239=EDGE_CURVE('',#4140,#4155,#4238,.T.);
#4240=ORIENTED_EDGE(*,*,#4239,.F.);
#4241=EDGE_LOOP('',(#4231,#4235,#4236,#4240));
#4242=FACE_OUTER_BOUND('',#4241,.T.);
#4243=AXIS2_PLACEMENT_3D('',#4139,#3218,#3239);
#4244=PLANE('',#4243);
#4245=ADVANCED_FACE('',(#4242),#4244,.T.);
#4246=ORIENTED_EDGE(*,*,#4137,.F.);
#4247=VECTOR('',#2,1.);
#4248=LINE('',#4127,#4247);
#4249=EDGE_CURVE('',#4128,#4163,#4248,.T.);
#4250=ORIENTED_EDGE(*,*,#4249,.T.);
#4251=ORIENTED_EDGE(*,*,#4166,.F.);
#4252=ORIENTED_EDGE(*,*,#4234,.F.);
#4253=EDGE_LOOP('',(#4246,#4250,#4251,#4252));
#4254=FACE_OUTER_BOUND('',#4253,.T.);
#4255=AXIS2_PLACEMENT_3D('',#4133,#3211,#3232);
#4256=PLANE('',#4255);
#4257=ADVANCED_FACE('',(#4254),#4256,.T.);
#4258=ORIENTED_EDGE(*,*,#4131,.F.);
#4259=VECTOR('',#2,1.);
#4260=LINE('',#4121,#4259);
#4261=EDGE_CURVE('',#4122,#4169,#4260,.T.);
#4262=ORIENTED_EDGE(*,*,#4261,.T.);
#4263=ORIENTED_EDGE(*,*,#4172,.F.);
#4264=ORIENTED_EDGE(*,*,#4249,.F.);
#4265=EDGE_LOOP('',(#4258,#4262,#4263,#4264));
#4266=FACE_OUTER_BOUND('',#4265,.T.);
#4267=AXIS2_PLACEMENT_3D('',#4127,#3204,#3225);
#4268=PLANE('',#4267);
#4269=ADVANCED_FACE('',(#4266),#4268,.T.);
#4270=ORIENTED_EDGE(*,*,#4125,.F.);
#4271=VECTOR('',#2,1.);
#4272=LINE('',#4115,#4271);
#4273=EDGE_CURVE('',#4116,#4175,#4272,.T.);
#4274=ORIENTED_EDGE(*,*,#4273,.T.);
#4275=ORIENTED_EDGE(*,*,#4178,.F.);
#4276=ORIENTED_EDGE(*,*,#4261,.F.);
#4277=EDGE_LOOP('',(#4270,#4274,#4275,#4276));
#4278=FACE_OUTER_BOUND('',#4277,.T.);
#4279=AXIS2_PLACEMENT_3D('',#4121,#3197,#3218);
#4280=PLANE('',#4279);
#4281=ADVANCED_FACE('',(#4278),#4280,.T.);
#4282=ORIENTED_EDGE(*,*,#4119,.F.);
#4283=VECTOR('',#2,1.);
#4284=LINE('',#4109,#4283);
#4285=EDGE_CURVE('',#4110,#4181,#4284,.T.);
#4286=ORIENTED_EDGE(*,*,#4285,.T.);
#4287=ORIENTED_EDGE(*,*,#4184,.F.);
#4288=ORIENTED_EDGE(*,*,#4273,.F.);
#4289=EDGE_LOOP('',(#4282,#4286,#4287,#4288));
#4290=FACE_OUTER_BOUND('',#4289,.T.);
#4291=AXIS2_PLACEMENT_3D('',#4115,#3190,#3211);
#4292=PLANE('',#4291);
#4293=ADVANCED_FACE('',(#4290),#4292,.T.);
#4294=ORIENTED_EDGE(*,*,#4113,.F.);
#4295=VECTOR('',#2,1.);
#4296=LINE('',#4103,#4295);
#4297=EDGE_CURVE('',#4104,#4187,#4296,.T.);
#4298=ORIENTED_EDGE(*,*,#4297,.T.);
#4299=ORIENTED_EDGE(*,*,#4190,.F.);
#4300=ORIENTED_EDGE(*,*,#4285,.F.);
#4301=EDGE_LOOP('',(#4294,#4298,#4299,#4300));
#4302=FACE_OUTER_BOUND('',#4301,.T.);
#4303=AXIS2_PLACEMENT_3D('',#4109,#3183,#3204);
#4304=PLANE('',#4303);
#4305=ADVANCED_FACE('',(#4302),#4304,.T.);
#4306=ORIENTED_EDGE(*,*,#4107,.F.);
#4307=VECTOR('',#2,1.);
#4308=LINE('',#4097,#4307);
#4309=EDGE_CURVE('',#4098,#4193,#4308,.T.);
#4310=ORIENTED_EDGE(*,*,#4309,.T.);
#4311=ORIENTED_EDGE(*,*,#4196,.F.);
#4312=ORIENTED_EDGE(*,*,#4297,.F.);
#4313=EDGE_LOOP('',(#4306,#4310,#4311,#4312));
#4314=FACE_OUTER_BOUND('',#4313,.T.);
#4315=AXIS2_PLACEMENT_3D('',#4103,#3176,#3197);
#4316=PLANE('',#4315);
#4317=ADVANCED_FACE('',(#4314),#4316,.T.);
#4318=ORIENTED_EDGE(*,*,#4101,.F.);
#4319=VECTOR('',#2,1.);
#4320=LINE('',#4091,#4319);
#4321=EDGE_CURVE('',#4092,#4199,#4320,.T.);
#4322=ORIENTED_EDGE(*,*,#4321,.T.);
#4323=ORIENTED_EDGE(*,*,#4202,.F.);
#4324=ORIENTED_EDGE(*,*,#4309,.F.);
#4325=EDGE_LOOP('',(#4318,#4322,#4323,#4324));
#4326=FACE_OUTER_BOUND('',#4325,.T.);
#4327=AXIS2_PLACEMENT_3D('',#4097,#3169,#3190);
#4328=PLANE('',#4327);
#4329=ADVANCED_FACE('',(#4326),#4328,.T.);
#4330=ORIENTED_EDGE(*,*,#4095,.F.);
#4331=VECTOR('',#2,1.);
#4332=LINE('',#4085,#4331);
#4333=EDGE_CURVE('',#4086,#4205,#4332,.T.);
#4334=ORIENTED_EDGE(*,*,#4333,.T.);
#4335=ORIENTED_EDGE(*,*,#4208,.F.);
#4336=ORIENTED_EDGE(*,*,#4321,.F.);
#4337=EDGE_LOOP('',(#4330,#4334,#4335,#4336));
#4338=FACE_OUTER_BOUND('',#4337,.T.);
#4339=AXIS2_PLACEMENT_3D('',#4091,#3287,#3183);
#4340=PLANE('',#4339);
#4341=ADVANCED_FACE('',(#4338),#4340,.T.);
#4342=ORIENTED_EDGE(*,*,#4089,.F.);
#4343=VECTOR('',#2,1.);
#4344=LINE('',#4079,#4343);
#4345=EDGE_CURVE('',#4080,#4211,#4344,.T.);
#4346=ORIENTED_EDGE(*,*,#4345,.T.);
#4347=ORIENTED_EDGE(*,*,#4214,.F.);
#4348=ORIENTED_EDGE(*,*,#4333,.F.);
#4349=EDGE_LOOP('',(#4342,#4346,#4347,#4348));
#4350=FACE_OUTER_BOUND('',#4349,.T.);
#4351=AXIS2_PLACEMENT_3D('',#4085,#3239,#3176);
#4352=PLANE('',#4351);
#4353=ADVANCED_FACE('',(#4350),#4352,.T.);
#4354=ORIENTED_EDGE(*,*,#4083,.F.);
#4355=VECTOR('',#2,1.);
#4356=LINE('',#4077,#4355);
#4357=EDGE_CURVE('',#4078,#4217,#4356,.T.);
#4358=ORIENTED_EDGE(*,*,#4357,.T.);
#4359=ORIENTED_EDGE(*,*,#4220,.F.);
#4360=ORIENTED_EDGE(*,*,#4345,.F.);
#4361=EDGE_LOOP('',(#4354,#4358,#4359,#4360));
#4362=FACE_OUTER_BOUND('',#4361,.T.);
#4363=AXIS2_PLACEMENT_3D('',#4079,#3232,#3169);
#4364=PLANE('',#4363);
#4365=ADVANCED_FACE('',(#4362),#4364,.T.);
#4366=ORIENTED_EDGE(*,*,#4147,.T.);
#4367=ORIENTED_EDGE(*,*,#4239,.T.);
#4368=ORIENTED_EDGE(*,*,#4224,.T.);
#4369=ORIENTED_EDGE(*,*,#4357,.F.);
#4370=EDGE_LOOP('',(#4366,#4367,#4368,#4369));
#4371=FACE_OUTER_BOUND('',#4370,.T.);
#4372=AXIS2_PLACEMENT_3D('',#4077,#3225,#3287);
#4373=PLANE('',#4372);
#4374=ADVANCED_FACE('',(#4371),#4373,.T.);
#4375=CLOSED_SHELL('',(#4153,#4230,#4245,#4257,#4269,#4281,#4293,#4305,#4317,#4329,#4341,#4353,#4365,#4374));
#4376=MANIFOLD_SOLID_BREP('lead4',#4375);
#4377=APPLICATION_CONTEXT('automotive design');
#4378=APPLICATION_PROTOCOL_DEFINITION('international standard','automotive_design',2000,#4377);
#4379=PRODUCT_CONTEXT('',#4377,'mechanical');
#4380=PRODUCT('LF19S-102-8A','LF19S-102-8A','',(#4379));
#4381=PRODUCT_DEFINITION_FORMATION('','',#4380);
#4382=PRODUCT_DEFINITION_CONTEXT('part definition',#4377,'design');
#4383=PRODUCT_DEFINITION('','',#4381,#4382);
#4384=PRODUCT_DEFINITION_SHAPE('','',#4383);
#4385=(LENGTH_UNIT()NAMED_UNIT(*)SI_UNIT(.MILLI.,.METRE.));
#4386=(NAMED_UNIT(*)PLANE_ANGLE_UNIT()SI_UNIT($,.RADIAN.));
#4387=(NAMED_UNIT(*)SI_UNIT($,.STERADIAN.)SOLID_ANGLE_UNIT());
#4388=UNCERTAINTY_MEASURE_WITH_UNIT(LENGTH_MEASURE(1.E-07),#4385,'distance_accuracy_value','');
#4389=(GEOMETRIC_REPRESENTATION_CONTEXT(3)GLOBAL_UNCERTAINTY_ASSIGNED_CONTEXT((#4388))GLOBAL_UNIT_ASSIGNED_CONTEXT((#4385,#4386,#4387))REPRESENTATION_CONTEXT('',''));
#4390=ADVANCED_BREP_SHAPE_REPRESENTATION('LF19S-102-8A',(#4,#127,#223,#319,#415,#511,#607,#703,#796,#892,#988,#1084,#1180,#1276,#1372,#1468,#1564,#1675,#1767,#1859,#1951,#2043,#2135,#2227,#2319,#2411,#2503,#2595,#2687,#2779,#2871,#2963,#3056,#3164,#3476,#3776,#4076,#4376),#4389);
#4391=SHAPE_DEFINITION_REPRESENTATION(#4384,#4390);
ENDSEC;
END-ISO-10303-21;
